-- phpMyAdmin SQL Dump
-- version 4.8.5
-- https://www.phpmyadmin.net/
--
-- Host: 127.0.0.1
-- Generation Time: Aug 21, 2019 at 06:58 PM
-- Server version: 10.1.38-MariaDB
-- PHP Version: 7.3.4

SET SQL_MODE = "NO_AUTO_VALUE_ON_ZERO";
SET AUTOCOMMIT = 0;
START TRANSACTION;
SET time_zone = "+00:00";


/*!40101 SET @OLD_CHARACTER_SET_CLIENT=@@CHARACTER_SET_CLIENT */;
/*!40101 SET @OLD_CHARACTER_SET_RESULTS=@@CHARACTER_SET_RESULTS */;
/*!40101 SET @OLD_COLLATION_CONNECTION=@@COLLATION_CONNECTION */;
/*!40101 SET NAMES utf8mb4 */;

--
-- Database: `bookstore`
--

-- --------------------------------------------------------

--
-- Table structure for table `bills`
--

CREATE TABLE `bills` (
  `bill_id` int(250) NOT NULL,
  `user_id` int(250) NOT NULL,
  `status` int(1) NOT NULL,
  `total` float NOT NULL,
  `date_create` timestamp NOT NULL DEFAULT CURRENT_TIMESTAMP ON UPDATE CURRENT_TIMESTAMP
) ENGINE=InnoDB DEFAULT CHARSET=utf8 COLLATE=utf8_unicode_ci;

--
-- Dumping data for table `bills`
--

INSERT INTO `bills` (`bill_id`, `user_id`, `status`, `total`, `date_create`) VALUES
(1, 1, 1, 49000, '2019-08-21 10:36:14'),
(2, 1, 1, 1066000, '2019-08-21 13:47:22');

-- --------------------------------------------------------

--
-- Table structure for table `bill_detail`
--

CREATE TABLE `bill_detail` (
  `bd_id` int(250) NOT NULL,
  `bill_id` int(250) NOT NULL,
  `bid` int(250) NOT NULL,
  `number` int(250) NOT NULL,
  `price` double NOT NULL
) ENGINE=InnoDB DEFAULT CHARSET=utf8 COLLATE=utf8_unicode_ci;

--
-- Dumping data for table `bill_detail`
--

INSERT INTO `bill_detail` (`bd_id`, `bill_id`, `bid`, `number`, `price`) VALUES
(1, 1, 14, 1, 49000),
(2, 2, 14, 2, 49000),
(3, 2, 2, 1, 680000),
(4, 2, 10, 1, 288000);

-- --------------------------------------------------------

--
-- Table structure for table `books`
--

CREATE TABLE `books` (
  `bid` int(250) NOT NULL,
  `bname` varchar(250) COLLATE utf8_unicode_ci NOT NULL,
  `decription` text COLLATE utf8_unicode_ci NOT NULL,
  `picture` varchar(250) COLLATE utf8_unicode_ci NOT NULL,
  `create_by` varchar(250) COLLATE utf8_unicode_ci NOT NULL,
  `detail` text COLLATE utf8_unicode_ci NOT NULL,
  `date_create` timestamp NOT NULL DEFAULT CURRENT_TIMESTAMP ON UPDATE CURRENT_TIMESTAMP,
  `enable` int(1) NOT NULL,
  `cid` int(250) NOT NULL,
  `count_view` int(250) NOT NULL,
  `price` double NOT NULL,
  `discount` double NOT NULL
) ENGINE=InnoDB DEFAULT CHARSET=utf8 COLLATE=utf8_unicode_ci;

--
-- Dumping data for table `books`
--

INSERT INTO `books` (`bid`, `bname`, `decription`, `picture`, `create_by`, `detail`, `date_create`, `enable`, `cid`, `count_view`, `price`, `discount`) VALUES
(2, 'Sherlock Holmes Series 1 Slipcase Edition', '<table cellspacing=\"0\">\r\n	<tbody>\r\n		<tr>\r\n			<td>C&ocirc;ng ty ph&aacute;t h&agrave;nh</td>\r\n			<td><a href=\"http://tiki.vn/cty-sach/bloomsbury.html\">Bloomsbury</a></td>\r\n		</tr>\r\n		<tr>\r\n			<td>Nh&agrave; xuất bản</td>\r\n			<td>Titan Books Ltd</td>\r\n		</tr>\r\n		<tr>\r\n			<td>T&aacute;c giả</td>\r\n			<td>Steven Moffat</td>\r\n		</tr>\r\n		<tr>\r\n			<td>ISBN-13</td>\r\n			<td>9781785868788</td>\r\n		</tr>\r\n		<tr>\r\n			<td>Loại b&igrave;a</td>\r\n			<td>Hardback</td>\r\n		</tr>\r\n		<tr>\r\n			<td>SKU</td>\r\n			<td>5430729491196</td>\r\n		</tr>\r\n	</tbody>\r\n</table>\r\n', 'b1_555105536358100.jpg', 'duynguyen', '<p>Adapting the first series of the smash-hit TV series into the manga format, collected together in this fantastic Slipcase Edition! Including Art Cards featuring the cover art from the individual books. This collection Includes A Study In Pink (9781785856150), The Blind Banker (9781785856167), The Great Game (9781785859168). Holmes and Watson tackle brain-teasing crimes in modern-day London in this stunning Manga, presented in its original right-to-left reading order, and in the full chapters as originally serialized! Meet Holmes and Watson for the first all over again!&nbsp;</p>\r\n\r\n<p>* Gi&aacute; sản phẩm tr&ecirc;n Tiki đ&atilde; bao gồm thuế theo luật hiện h&agrave;nh. Tuy nhi&ecirc;n tuỳ v&agrave;o từng loại sản phẩm hoặc phương thức, địa chỉ giao h&agrave;ng m&agrave; c&oacute; thể ph&aacute;t sinh th&ecirc;m chi ph&iacute; kh&aacute;c như ph&iacute; vận chuyển, phụ ph&iacute; h&agrave;ng cồng kềnh, ..</p>\r\n', '2019-08-21 16:56:41', 1, 22, 0, 680000, 0),
(3, 'How To Win Friends And Influence People - Đắc Nhân Tâm', '<table cellspacing=\"0\">\r\n	<tbody>\r\n		<tr>\r\n			<td>C&ocirc;ng ty ph&aacute;t h&agrave;nh</td>\r\n			<td><a href=\"http://tiki.vn/cty-sach/simon-and-schuster.html\">Simon and Schuster</a></td>\r\n		</tr>\r\n		<tr>\r\n			<td>Nh&agrave; xuất bản</td>\r\n			<td>Simon and Schuster</td>\r\n		</tr>\r\n		<tr>\r\n			<td>T&aacute;c giả</td>\r\n			<td>Dale Carnegie</td>\r\n		</tr>\r\n		<tr>\r\n			<td>Ng&agrave;y xuất bản</td>\r\n			<td>04-2010</td>\r\n		</tr>\r\n		<tr>\r\n			<td>ISBN-13</td>\r\n			<td>9781439199190</td>\r\n		</tr>\r\n		<tr>\r\n			<td>K&iacute;ch thước</td>\r\n			<td>10.2 x 17.2 cm</td>\r\n		</tr>\r\n		<tr>\r\n			<td>Loại b&igrave;a</td>\r\n			<td>Paperback</td>\r\n		</tr>\r\n		<tr>\r\n			<td>Số trang</td>\r\n			<td>276</td>\r\n		</tr>\r\n		<tr>\r\n			<td>ISBN-10</td>\r\n			<td>1439199191</td>\r\n		</tr>\r\n		<tr>\r\n			<td>SKU</td>\r\n			<td>2311155023959</td>\r\n		</tr>\r\n	</tbody>\r\n</table>\r\n', 'b2_555096642368254.jpg', 'duynguyen', '<p><strong>How To Win Friends And Influence People</strong></p>\r\n\r\n<p>This is the most famous confidence-boosting book ever published; with sales of over 16 million copies worldwide Millions of people around the world have improved their lives based on the teachings of Dale Carnegie. In&nbsp;<strong>How to Win Friends and Influence People</strong>, he offers practical advice and techniques, in his exuberant and conversational style, for how to get out of a mental rut and make life more rewarding. His advice has stood the test of time and will teach you how to make friends quickly and easily; increase your popularity; persuade people to follow your way of thinking; enable you to win new clients and customers; become a better speaker; and boost enthusiasm among your colleagues. This classic book will turn your relationships around and improve your interactions with everyone in your life. Dale Carnegie, known as &#39;the arch-priest of the art of making friends&#39;, pioneered the development of personal business skills, self-confidence and motivational techniques. His books - most notably How to Win Friends and Influence People - have sold tens of millions worldwide and, even in today&#39;s changing climate, they remain as popular as ever.</p>\r\n\r\n<p>* Gi&aacute; sản phẩm tr&ecirc;n Tiki đ&atilde; bao gồm thuế theo luật hiện h&agrave;nh. Tuy nhi&ecirc;n tuỳ v&agrave;o từng loại sản phẩm hoặc phương thức, địa chỉ giao h&agrave;ng m&agrave; c&oacute; thể ph&aacute;t sinh th&ecirc;m chi ph&iacute; kh&aacute;c như ph&iacute; vận chuyển, phụ ph&iacute; h&agrave;ng cồng kềnh, ..</p>\r\n', '2019-08-21 16:56:32', 1, 21, 0, 160000, 0),
(4, 'Life A2 - B1: Student Book Online Workbook', '<table cellspacing=\"0\">\r\n	<tbody>\r\n		<tr>\r\n			<td>C&ocirc;ng ty ph&aacute;t h&agrave;nh</td>\r\n			<td><a href=\"http://tiki.vn/cty-sach/cengage-learning-asia-pte-ltd.html\">Cengage Learning Asia Pte Ltd</a></td>\r\n		</tr>\r\n		<tr>\r\n			<td>Nh&agrave; xuất bản</td>\r\n			<td>Cengage Learning</td>\r\n		</tr>\r\n		<tr>\r\n			<td>T&aacute;c giả</td>\r\n			<td>John Hughes, Paul Dummett</td>\r\n		</tr>\r\n		<tr>\r\n			<td>Ng&agrave;y xuất bản</td>\r\n			<td>01-2016</td>\r\n		</tr>\r\n		<tr>\r\n			<td>ISBN-13</td>\r\n			<td>9789814716697</td>\r\n		</tr>\r\n		<tr>\r\n			<td>Loại b&igrave;a</td>\r\n			<td>Paperback</td>\r\n		</tr>\r\n		<tr>\r\n			<td>Số trang</td>\r\n			<td>174</td>\r\n		</tr>\r\n		<tr>\r\n			<td>SKU</td>\r\n			<td>2291470978694</td>\r\n		</tr>\r\n	</tbody>\r\n</table>\r\n', 'b3_555082744996670.gif', 'duynguyen', '<p>Life l&agrave; bộ s&aacute;ch học tiếng Anh th&uacute; vị với 6 cấp độ d&agrave;nh cho người lớn. Dựa tr&ecirc;n nội dung của National Geographic, Life biến qu&aacute; tr&igrave;nh học tập của bạn th&agrave;nh một cuộc h&agrave;nh tr&igrave;nh tuyệt vời với những h&igrave;nh ảnh đẹp kh&ocirc;ng thể cưỡng lại được. C&aacute;c nội dung trong s&aacute;ch rất sống động v&agrave; gần gũi v&igrave; được lấy ra từ những c&acirc;u chuyện đời thực ở khắp mọi nơi tr&ecirc;n thế giới, gi&uacute;p cho bạn vừa c&oacute; cơ hội kh&aacute;m ph&aacute; nền văn h&oacute;a của nhiều quốc gia vừa học tiếng Anh. Kể từ năm 2015, Life đ&atilde; được Bộ trưởng bộ Gi&aacute;o dục chọn l&agrave;m quyển s&aacute;ch gi&aacute;o khoa Tiếng Anh cho 26 trường đại học với mục ti&ecirc;u n&acirc;ng cao kỹ năng tiếng Anh cho sinh vi&ecirc;n. Life được chọn v&igrave; s&aacute;ch tập trung v&agrave;o c&aacute;c vấn đề to&agrave;n cầu, bắt kịp sự ph&aacute;t triển của c&ocirc;ng nghệ, v&agrave; quan trọng nhất l&agrave;, r&egrave;n luyện được cho người học c&aacute;c kỹ năng cần thiết trong thế kỷ 21: sự s&aacute;ng tạo, tư duy phản biện, sự hợp t&aacute;c v&agrave; hiểu biết về c&aacute;c nền văn h&oacute;a tr&ecirc;n thế giới.</p>\r\n\r\n<p>Lần đầu ti&ecirc;n, Life cho ra mắt phi&ecirc;n bản d&agrave;nh ri&ecirc;ng cho thị trường Việt Nam.</p>\r\n', '2019-08-21 16:56:18', 1, 20, 0, 200000, 0),
(5, 'Nikkei Asian Review: Ripple Effects - 37', '<table cellspacing=\"0\">\r\n	<tbody>\r\n		<tr>\r\n			<td>C&ocirc;ng ty ph&aacute;t h&agrave;nh</td>\r\n			<td><a href=\"http://tiki.vn/cty-sach/global-book-corporation.html\">Global Book Corporation</a></td>\r\n		</tr>\r\n		<tr>\r\n			<td>Nh&agrave; xuất bản</td>\r\n			<td>Nikkei</td>\r\n		</tr>\r\n		<tr>\r\n			<td>Ng&agrave;y xuất bản</td>\r\n			<td>09-2018</td>\r\n		</tr>\r\n		<tr>\r\n			<td>ISBN-13</td>\r\n			<td>725274901142</td>\r\n		</tr>\r\n		<tr>\r\n			<td>K&iacute;ch thước</td>\r\n			<td>\r\n			<p>21x29</p>\r\n			</td>\r\n		</tr>\r\n		<tr>\r\n			<td>Loại b&igrave;a</td>\r\n			<td>B&igrave;a mềm</td>\r\n		</tr>\r\n		<tr>\r\n			<td>Số trang</td>\r\n			<td>100</td>\r\n		</tr>\r\n		<tr>\r\n			<td>SKU</td>\r\n			<td>3187219515178</td>\r\n		</tr>\r\n	</tbody>\r\n</table>\r\n', 'b4_555070375112895.jpg', 'duynguyen', '<p>This Week On Nikkei Asian Review No.37:<br />\r\n<br />\r\nAsian companies are navigating the trade war:<br />\r\n-For the last decade Chinese Metal Producer has been the Go-to for the American&#39;s factory even for the &quot;anti-dumping&quot; rules on the aluminum it produced in 2009. Still soon later Chinese company found a way to by pass that. But the Chinese company have ran out of option when the US make the 10% tariff on imports of aluminum. The chinese are now looking for the solution by expanding in Europe and at home.<br />\r\n<br />\r\nGo-Jek and Grab begin race for regional dominance in Vietnam:<br />\r\n-The fierce competition between Southeast Asia&#39;s leading ride-hailing service Grab and its Indonesian rival Go-Jek is set to explode across borders as the latter rolls into Vietnam with plans for further regional expansion.<br />\r\n<br />\r\nNew iPhones debut against rising Chinese competitors:<br />\r\n-Apple unveiled three new takes on the iPhone on Wednesday amid doubts about the company&#39;s direction in Asia. Seeking growth beyond high-end consumers, Apple introduced the entry-level iPhone XR alongside its new premium models, the iPhone XS and XS Max.</p>\r\n\r\n<p>-------------------------------------------------------------------------------</p>\r\n\r\n<p>C&ugrave;ng t&igrave;m hiểu The Economist số 36 v&agrave; để lại feedback đ&aacute;nh gi&aacute; b&ecirc;n dưới để ch&uacute;ng t&ocirc;i c&oacute; thể phục vụ bạn tốt hơn. Cảm ơn v&igrave; đ&atilde; lựa chọn The Economist l&agrave;m t&agrave;i liệu tham khảo v&agrave; để The Economist đồng h&agrave;nh c&ugrave;ng th&agrave;nh c&ocirc;ng của qu&yacute; kh&aacute;ch.</p>\r\n', '2019-08-21 16:56:05', 1, 19, 0, 138000, 0),
(6, 'Khi Hơi Thở Hóa Thinh Không', '<table cellspacing=\"0\">\r\n	<tbody>\r\n		<tr>\r\n			<td>C&ocirc;ng ty ph&aacute;t h&agrave;nh</td>\r\n			<td><a href=\"http://tiki.vn/cty-sach/omega-plus.html\">Omega Plus</a></td>\r\n		</tr>\r\n		<tr>\r\n			<td>T&aacute;c giả</td>\r\n			<td>Paul Kalanithi</td>\r\n		</tr>\r\n		<tr>\r\n			<td>Ng&agrave;y xuất bản</td>\r\n			<td>07-2017</td>\r\n		</tr>\r\n		<tr>\r\n			<td>K&iacute;ch thước</td>\r\n			<td>14 x 20.5 cm</td>\r\n		</tr>\r\n		<tr>\r\n			<td>Nh&agrave; xuất bản</td>\r\n			<td>Nh&agrave; Xuất Bản Lao Động</td>\r\n		</tr>\r\n		<tr>\r\n			<td>Dịch Giả</td>\r\n			<td>Trần Thanh Hương</td>\r\n		</tr>\r\n		<tr>\r\n			<td>Loại b&igrave;a</td>\r\n			<td>B&igrave;a mềm</td>\r\n		</tr>\r\n		<tr>\r\n			<td>Số trang</td>\r\n			<td>236</td>\r\n		</tr>\r\n		<tr>\r\n			<td>SKU</td>\r\n			<td>2506010458896</td>\r\n		</tr>\r\n	</tbody>\r\n</table>\r\n', 'b5_555061756622071.jpg', 'duynguyen', '<p><strong>Khi Hơi Thở H&oacute;a Thinh Kh&ocirc;ng&nbsp;</strong>l&agrave; tự truyện của một b&aacute;c sĩ bị mắc bệnh ung thư phổi. Trong cuốn s&aacute;ch n&agrave;y, t&aacute;c giả đ&atilde; chia sẻ những trải nghiệm từ khi mới bắt đầu học ng&agrave;nh y, tiếp x&uacute;c với bệnh nh&acirc;n cho tới khi ph&aacute;t hiện ra m&igrave;nh bị ung thư v&agrave; phải điều trị l&acirc;u d&agrave;i.</p>\r\n\r\n<p>Kalanithi rất y&ecirc;u th&iacute;ch văn chương n&ecirc;n c&acirc;u chuyện của anh đ&atilde; được thuật lại theo một phong c&aacute;ch mượt m&agrave;, dung dị v&agrave; đầy cảm x&uacute;c. Độc giả cũng được hiểu th&ecirc;m về triết l&yacute; sống, triết l&yacute; nghề y của Kalanithi, th&ocirc;ng qua k&yacute; ức về những ng&agrave;y anh c&ograve;n l&agrave; sinh vi&ecirc;n, rồi thực tập, cho đến khi ch&iacute;nh thức h&agrave;nh nghề phẫu thuật thần kinh. &ldquo;Đối với bệnh nh&acirc;n v&agrave; gia đ&igrave;nh, phẫu thuật n&atilde;o l&agrave; sự kiện bi thảm nhất m&agrave; họ từng phải đối mặt v&agrave; n&oacute; c&oacute; t&aacute;c động như bất kỳ một biến cố lớn lao trong đời. Trong những thời điểm nguy cấp đ&oacute;, c&acirc;u hỏi kh&ocirc;ng chỉ đơn thuần l&agrave; sống hay chết m&agrave; c&ograve;n l&agrave; cuộc sống n&agrave;o đ&aacute;ng sống.&rdquo; &ndash; Kalanithi lu&ocirc;n biết c&aacute;ch đưa v&agrave;o c&acirc;u chuyện những suy nghĩ s&acirc;u sắc v&agrave; đầy sự đồng cảm như thế.</p>\r\n\r\n<p>Bạn b&egrave; v&agrave; gia đ&igrave;nh đ&atilde; d&agrave;nh tặng những lời tr&igrave;u mến nhất cho con người đ&aacute;ng k&iacute;nh trọng cả về t&agrave;i năng lẫn nh&acirc;n c&aacute;ch n&agrave;y. D&ugrave; kh&ocirc;ng thể vượt qua cơn bệnh nan y, nhưng th&ocirc;ng điệp của t&aacute;c giả sẽ c&ograve;n khiến người đọc nhớ m&atilde;i.</p>\r\n', '2019-08-21 16:55:57', 1, 6, 0, 81000, 0),
(7, 'Dế Mèn Phiêu Lưu Ký (Tái Bản 2019)', '<table cellspacing=\"0\">\r\n	<tbody>\r\n		<tr>\r\n			<td>C&ocirc;ng ty ph&aacute;t h&agrave;nh</td>\r\n			<td><a href=\"http://tiki.vn/cty-sach/nha-xuat-ban-kim-dong.html\">Nh&agrave; Xuất Bản Kim Đồng</a></td>\r\n		</tr>\r\n		<tr>\r\n			<td>T&aacute;c giả</td>\r\n			<td>T&ocirc; Ho&agrave;i</td>\r\n		</tr>\r\n		<tr>\r\n			<td>Ng&agrave;y xuất bản</td>\r\n			<td>01-2019</td>\r\n		</tr>\r\n		<tr>\r\n			<td>K&iacute;ch thước</td>\r\n			<td>\r\n			<p>13 x 19 cm</p>\r\n			</td>\r\n		</tr>\r\n		<tr>\r\n			<td>Nh&agrave; xuất bản</td>\r\n			<td>Nh&agrave; Xuất Bản Kim Đồng</td>\r\n		</tr>\r\n		<tr>\r\n			<td>Loại b&igrave;a</td>\r\n			<td>B&igrave;a mềm</td>\r\n		</tr>\r\n		<tr>\r\n			<td>SKU</td>\r\n			<td>7734142469588</td>\r\n		</tr>\r\n	</tbody>\r\n</table>\r\n', 'b6_555051809117977.jpg', 'duynguyen', '<p><strong>Dế M&egrave;n Phi&ecirc;u Lưu K&yacute; (T&aacute;i Bản 2019)</strong></p>\r\n\r\n<p>Ấn bản minh họa m&agrave;u đặc biệt của Dế M&egrave;n phi&ecirc;u lưu k&yacute;, với phần tranh ruột được in hai m&agrave;u xanh - đen ấn tượng, gợi kh&ocirc;ng kh&iacute; đồng thoại.</p>\r\n\r\n<p>&ldquo;Một con dế đ&atilde; từ tay &ocirc;ng thả ra chu du thế giới t&igrave;m những điều tốt đẹp cho lo&agrave;i người. V&agrave; con dế ấy đ&atilde; mang t&ecirc;n tuổi &ocirc;ng đi c&ugrave;ng tr&ecirc;n những chặng đường phi&ecirc;u lưu đến với cộng đồng những con vật trong văn học thế giới, đến với những xứ sở thi&ecirc;n nhi&ecirc;n v&agrave; văn h&oacute;a của c&aacute;c quốc gia kh&aacute;c. Dế M&egrave;n T&ocirc; Ho&agrave;i đ&atilde; lại sinh ra T&ocirc; Ho&agrave;i Dế M&egrave;n, một nh&agrave; văn trẻ m&atilde;i kh&ocirc;ng gi&agrave; trong văn chươ&rdquo; - Nh&agrave; ph&ecirc; b&igrave;nh Phạm Xu&acirc;n Nguy&ecirc;n</p>\r\n\r\n<p>&ldquo;&Ocirc;ng rất hiểu tư duy trẻ thơ, kể với ch&uacute;ng theo c&aacute;ch nghĩ của ch&uacute;ng, l&iacute; giải sự vật theo l&ocirc; g&iacute;ch của trẻ. Hơn thế, với biệt t&agrave;i mi&ecirc;u tả lo&agrave;i vật, T&ocirc; Ho&agrave;i dựng l&ecirc;n một thế giới gần gũi với trẻ thơ. Khi cần, &ocirc;ng biết đem v&agrave;o chất du k&yacute; khiến cho độc giả nhỏ tuổi vừa hồi hộp theo d&otilde;i, vừa th&iacute;ch th&uacute; kh&aacute;m ph&aacute;.&rdquo; - TS Nguyễn Đăng Điệp</p>\r\n', '2019-08-21 16:55:47', 1, 7, 0, 39000, 0),
(8, ' Vi Điều Khiển Và Ứng Dụng - Arduino Dành Cho Người Tự Học (Tái Bản 2019)', '<table cellspacing=\"0\">\r\n	<tbody>\r\n		<tr>\r\n			<td>C&ocirc;ng ty ph&aacute;t h&agrave;nh</td>\r\n			<td><a href=\"http://tiki.vn/cty-sach/cong-ty-tnhh-thuong-mai-stk.html\">C&ocirc;ng Ty TNHH Thương Mại STK</a></td>\r\n		</tr>\r\n		<tr>\r\n			<td>T&aacute;c giả</td>\r\n			<td>KS Phạm Quang Huy</td>\r\n		</tr>\r\n		<tr>\r\n			<td>Ng&agrave;y xuất bản</td>\r\n			<td>01-2019</td>\r\n		</tr>\r\n		<tr>\r\n			<td>K&iacute;ch thước</td>\r\n			<td>\r\n			<p>16 x 24 cm</p>\r\n			</td>\r\n		</tr>\r\n		<tr>\r\n			<td>Nh&agrave; xuất bản</td>\r\n			<td>Nh&agrave; Xuất Bản Thanh Ni&ecirc;n</td>\r\n		</tr>\r\n		<tr>\r\n			<td>Loại b&igrave;a</td>\r\n			<td>B&igrave;a mềm</td>\r\n		</tr>\r\n		<tr>\r\n			<td>SKU</td>\r\n			<td>9502554663478</td>\r\n		</tr>\r\n	</tbody>\r\n</table>\r\n', 'b7_555040718592202.jpeg', 'duynguyen', '<p><strong>Vi Điều Khiển V&agrave; Ứng Dụng - Arduino D&agrave;nh Cho Người Tự Học</strong>. Bộ s&aacute;ch n&agrave;y gồm những chuy&ecirc;n đề sau:</p>\r\n\r\n<ol>\r\n	<li>Lập tr&igrave;nh điều khiển với S7 - Tia Portal</li>\r\n	<li>Tự động h&oacute;a t&iacute;ch hợp to&agrave;n diện - Hướng dẫn sử dụng Simatic Tia Portal</li>\r\n	<li>Điều khiển lập tr&igrave;nh v&agrave; tạo giao diện HMI với WinCC FLEXIBLE.</li>\r\n	<li>Điều khiển lập tr&igrave;nh v&agrave; tạo giao diện HMI với PLC Omron</li>\r\n	<li>Điều khiển lập tr&igrave;nh Scada - Truyền th&ocirc;ng trong c&ocirc;ng việc</li>\r\n	<li>Gi&aacute;o tr&igrave;nh thực h&agrave;nh vi xử l&yacute;</li>\r\n	<li>Gi&aacute;o tr&igrave;nh thực h&agrave;nh vi điều khiển</li>\r\n	<li>Gi&aacute;o tr&igrave;nh thực h&agrave;nh vi xử l&yacute; v&agrave; vi điều khiển với Proteus</li>\r\n	<li>Lập tr&igrave;nh điều khiển với Arduino</li>\r\n	<li>Vi Điều Khiển V&agrave; Ứng Dụng - Arduino D&agrave;nh Cho Người Tự Học</li>\r\n	<li>Arduino d&agrave;nh cho người bắt đầu</li>\r\n	<li>Tự học lập tr&igrave;nh điều khiển với Arduino</li>\r\n	<li>Vi Điều Khiển v&agrave; ứng dụng - Lập tr&igrave;nh từ A - Z</li>\r\n	<li>Lập tr&igrave;nh điều khiển với Rasphberry - Rasphberry d&agrave;nh cho người tự học</li>\r\n</ol>\r\n', '2019-08-21 16:55:36', 1, 8, 0, 98000, 0),
(9, 'Thám Tử Lừng Danh Conan - Tập 95', '<table cellspacing=\"0\">\r\n	<tbody>\r\n		<tr>\r\n			<td>C&ocirc;ng ty ph&aacute;t h&agrave;nh</td>\r\n			<td><a href=\"http://tiki.vn/cty-sach/nha-xuat-ban-kim-dong.html\">Nh&agrave; Xuất Bản Kim Đồng</a></td>\r\n		</tr>\r\n		<tr>\r\n			<td>T&aacute;c giả</td>\r\n			<td>Gosho Aoyama, Eiichi Yamagishi</td>\r\n		</tr>\r\n		<tr>\r\n			<td>Ng&agrave;y xuất bản</td>\r\n			<td>03-2019</td>\r\n		</tr>\r\n		<tr>\r\n			<td>K&iacute;ch thước</td>\r\n			<td>11.3 x 17.6 cm</td>\r\n		</tr>\r\n		<tr>\r\n			<td>Nh&agrave; xuất bản</td>\r\n			<td>Nh&agrave; Xuất Bản Kim Đồng</td>\r\n		</tr>\r\n		<tr>\r\n			<td>Dịch Giả</td>\r\n			<td>Hương Giang</td>\r\n		</tr>\r\n		<tr>\r\n			<td>Loại b&igrave;a</td>\r\n			<td>B&igrave;a mềm</td>\r\n		</tr>\r\n		<tr>\r\n			<td>SKU</td>\r\n			<td>7993206120395</td>\r\n		</tr>\r\n	</tbody>\r\n</table>\r\n', 'b8_555031038552723.jpg', 'duynguyen', '<p>Th&aacute;m Tử Lừng Danh Conan l&agrave; một bộ truyện tranh trinh th&aacute;m Nhật Bản của t&aacute;c giả Aoyama G&otilde;sh&otilde;. Nh&acirc;n vật ch&iacute;nh của truyện l&agrave; một th&aacute;m tử học sinh trung học c&oacute; t&ecirc;n l&agrave; Kudo Shinichi - th&aacute;m tử học đường xuất sắc - một lần bị bọn tội phạm &eacute;p uống thuốc độc v&agrave; bị teo nhỏ th&agrave;nh học sinh tiểu học lấy t&ecirc;n l&agrave; Conan Edogawa v&agrave; lu&ocirc;n cố gắng truy t&igrave;m tung t&iacute;ch tổ chức &Aacute;o Đen nhằm lấy lại h&igrave;nh d&aacute;ng cũ.</p>\r\n', '2019-08-21 16:55:26', 1, 9, 0, 20000, 0),
(10, 'Cặp Balo Học Sinh Phước Linh 1 (29 x 43 cm) - Đen', '<table cellspacing=\"0\">\r\n	<tbody>\r\n		<tr>\r\n			<td>Thương hiệu</td>\r\n			<td><a href=\"http://tiki.vn/thuong-hieu/phuoc-linh.html\">Phước Linh</a></td>\r\n		</tr>\r\n		<tr>\r\n			<td>Sản xuất tại</td>\r\n			<td>Việt Nam</td>\r\n		</tr>\r\n		<tr>\r\n			<td>K&iacute;ch thước</td>\r\n			<td>29 x 43 cm</td>\r\n		</tr>\r\n		<tr>\r\n			<td>SKU</td>\r\n			<td>2719329117037</td>\r\n		</tr>\r\n		<tr>\r\n			<td>M&agrave;u/Họa tiết</td>\r\n			<td>Đen</td>\r\n		</tr>\r\n	</tbody>\r\n</table>\r\n', 'b9_555021424359915.jpg', 'duynguyen', '<ul>\r\n	<li><strong>Cặp Balo Học Sinh Phước Linh 1 (29 x 43 cm) - Đen&nbsp;</strong>c&oacute; thiết kế m&agrave;u đen truyền thống, tạo n&ecirc;n n&eacute;t c&aacute; t&iacute;nh cho người sử dụng.</li>\r\n	<li>Cặp &iacute;t bị lấm bẩn, dễ lau ch&ugrave;i kh&ocirc;ng chỉ gi&uacute;p bảo vệ vật dụng b&ecirc;n trong m&agrave; c&ograve;n tiết kiệm được nhiều thời gian vệ sinh sản phẩm.</li>\r\n	<li>Cặp rộng, c&oacute; nhiều ngăn, cho bạn kh&ocirc;ng gian thoải m&aacute;i để cất giữ đồ d&ugrave;ng.</li>\r\n	<li>Cặp được thiết kế vừa l&agrave; t&uacute;i x&aacute;ch, vừa l&agrave; balo v&ocirc; c&ugrave;ng tiện dụng, bạn c&oacute; thể đựng&nbsp;laptop, s&aacute;ch vở,&hellip; đều được. Phần quai cặp kiểu balo c&oacute; thể dễ d&agrave;ng điều chỉnh độ rộng.</li>\r\n	<li>Kh&oacute;a k&eacute;o chắc chắn, dễ d&agrave;ng sử dụng.</li>\r\n</ul>\r\n', '2019-08-21 16:55:17', 1, 16, 2, 288000, 0),
(11, 'Sổ Học Từ Vựng 120 Trang Animals (Bộ 4 Cuốn)', '<table cellspacing=\"0\">\r\n	<tbody>\r\n		<tr>\r\n			<td>Thương hiệu</td>\r\n			<td><a href=\"http://tiki.vn/thuong-hieu/oem.html\">OEM</a></td>\r\n		</tr>\r\n		<tr>\r\n			<td>Sản xuất tại</td>\r\n			<td>Trung Quốc</td>\r\n		</tr>\r\n		<tr>\r\n			<td>K&iacute;ch thước</td>\r\n			<td>13 x 7.6 cm</td>\r\n		</tr>\r\n		<tr>\r\n			<td>SKU</td>\r\n			<td>3373562962916</td>\r\n		</tr>\r\n	</tbody>\r\n</table>\r\n', 'b10_555013048077010.jpg', 'duynguyen', '<p>Sổ Học Từ Vựng 120 Trang Super Cat (Bộ 4 Cuốn) sở hữu kiểu d&aacute;ng tinh tế, trang nh&atilde; với hoa văn b&igrave;a sổ ấn tượng kết hợp m&agrave;u sắc h&agrave;i h&ograve;a kết hợp những cạnh bo mềm mại.<br />\r\nB&ecirc;n trong sổ sẽ được thiết kế 2 cột, ch&uacute;ng ta sẽ viết tiếng anh (hoặc tiếng n&agrave;o đ&oacute; m&agrave; c&aacute;c bạn đang học) ở cột tr&aacute;i v&agrave; nghĩa tiếng việt ở cột phải.<br />\r\nB&igrave;a sổ c&oacute; 2 miếng che, bạn che b&igrave;a b&ecirc;n phải lại để đọc nghĩa của cột từ b&ecirc;n tr&aacute;i, sau đ&oacute; l&agrave;m ngược lại, vậy l&agrave; c&aacute;c bạn đ&atilde; c&oacute; thể vừa học thuộc vừa tự kiểm tra được từ vựng rồi.<br />\r\nBộ sổ từ vựng gồm 4 cuốn với 4 m&agrave;u: cam, hồng, xanh dương v&agrave; xanh l&aacute;; tiện lợi để bạn c&oacute; thể ph&acirc;n chia mỗi cuốn l&agrave; một loại từ để học, v&iacute; dụ: cụm danh từ, cụm t&iacute;nh từ, cụm động từ.<br />\r\nGi&uacute;p người d&ugrave;ng dễ d&agrave;ng hiểu v&agrave; ghi nhớ được c&aacute;ch d&ugrave;ng từ.<br />\r\nNgo&agrave;i ra, nếu như muốn x&eacute; bỏ giấy, g&aacute;y l&ograve; xo cho ph&eacute;p việc thao t&aacute;c dễ d&agrave;ng v&agrave; gọn g&agrave;ng hơn, kh&ocirc;ng g&acirc;y ảnh hưởng đến c&aacute;c phần kh&aacute;c của sổ.&nbsp;<br />\r\nĐặc biệt, sản phẩm với k&iacute;ch thước nhỏ gọn, tiện lợi gi&uacute;p bạn dễ d&agrave;ng để trong cặp, balo, t&uacute;i x&aacute;ch mang theo bất cứ nơi đ&acirc;u để r&egrave;n luyện khả năng học ngoại ngữ của m&igrave;nh.</p>\r\n', '2019-08-21 16:55:08', 1, 17, 0, 48000, 0),
(12, 'Tranh Thiên Long T3D07', '<table cellspacing=\"0\">\r\n	<tbody>\r\n		<tr>\r\n			<td>Thương hiệu</td>\r\n			<td><a href=\"http://tiki.vn/thuong-hieu/thien-long.html\">Thi&ecirc;n Long</a></td>\r\n		</tr>\r\n		<tr>\r\n			<td>Sản xuất tại</td>\r\n			<td>Việt Nam</td>\r\n		</tr>\r\n		<tr>\r\n			<td>SKU</td>\r\n			<td>2281812416038</td>\r\n		</tr>\r\n	</tbody>\r\n</table>\r\n', 'b11_554999704532133.jpg', 'duynguyen', '<p><strong>Tranh Thi&ecirc;n Long T3D07</strong></p>\r\n\r\n<p><strong>Tranh Thi&ecirc;n Long T3D07</strong>&nbsp;được l&agrave;m từ nhựa dẻo si&ecirc;u bền, l&agrave; học cụ gi&uacute;p trẻ ph&acirc;n biệt được những mốc thời gian cơ bản. Những nh&acirc;n vật hoạt h&igrave;nh quen thuộc như chuột Mickey, s&oacute;c, ch&oacute;&hellip; khiến việc học tập của b&eacute; trở n&ecirc;n th&uacute; vị hơn, học m&agrave; chơi, chơi m&agrave; học. Đ&acirc;y l&agrave; m&oacute;n qu&agrave; tặng &yacute; nghĩa m&agrave; Thi&ecirc;n Long d&agrave;nh cho c&aacute;c b&eacute; học mầm non, mẫu gi&aacute;o.</p>\r\n', '2019-08-21 16:54:55', 1, 18, 0, 27000, 0),
(13, 'Bộ Bookmark Ban Nhạc BTS', '<table cellspacing=\"0\">\r\n	<tbody>\r\n		<tr>\r\n			<td>Thương hiệu</td>\r\n			<td><a href=\"http://tiki.vn/thuong-hieu/oem.html\">OEM</a></td>\r\n		</tr>\r\n		<tr>\r\n			<td>Sản xuất tại</td>\r\n			<td>Trung Quốc</td>\r\n		</tr>\r\n		<tr>\r\n			<td>SKU</td>\r\n			<td>4401855900358</td>\r\n		</tr>\r\n	</tbody>\r\n</table>\r\n', 'b12_554989100559232.jpg', 'duynguyen', '<ul>\r\n	<li><strong>Bộ Bookmark Ban Nhạc BTS</strong>&nbsp;với 36 h&igrave;nh được l&agrave;m từ chất liệu cao cấp, thiết kế gi&uacute;p giữ chặt tr&ecirc;n bề mặt giấy.</li>\r\n	<li>H&igrave;nh in ban nhạc BTS. Với độ d&agrave;y ho&agrave;n hảo, mỗi chiếc bookmark đảm bảo t&iacute;nh cố định của m&igrave;nh tr&ecirc;n c&aacute;c bề mặt tiếp x&uacute;c, tuy nhi&ecirc;n kh&ocirc;ng l&agrave;m bề mặt giấy bị hỏng hoặc l&agrave;m trầy xước c&aacute;c bề mặt kh&aacute;c.</li>\r\n	<li>Thiết kế độc đ&aacute;o, kiểu d&aacute;ng bắt mắt, c&oacute; thể d&ugrave;ng ch&uacute;ng để đ&aacute;nh dấu lại trang s&aacute;ch đang đọc dang dở, đ&aacute;nh dấu bản kế hoạch của m&igrave;nh.</li>\r\n</ul>\r\n', '2019-08-21 16:54:44', 1, 12, 0, 33000, 0),
(14, 'Vòng tay nữ dễ thương 12 cung hoàng đạo gốm sứ', '<table cellspacing=\"0\">\r\n	<tbody>\r\n		<tr>\r\n			<td>Thương hiệu</td>\r\n			<td><a href=\"http://tiki.vn/thuong-hieu/oem.html\">OEM</a></td>\r\n		</tr>\r\n		<tr>\r\n			<td>SKU</td>\r\n			<td>4160185036709</td>\r\n		</tr>\r\n	</tbody>\r\n</table>\r\n', 'b13_554979238883769.jpg', 'duynguyen', '<p>V&ograve;ng tay nữ dễ thương 12 cung ho&agrave;ng đạo gốm sứ</p>\r\n\r\n<p>&nbsp;</p>\r\n\r\n<p>Cung Bạch Dương</p>\r\n\r\n<p>21/3-19/4</p>\r\n\r\n<p>TỔNG QUAN VỀ CUNG BẠCH DƯƠNG Những người thuộc Cung Bạch Dương c&oacute; ưu điểm rất tự tin, can đảm nhưng đ&ocirc;i khi v&igrave; thế n&ecirc;n hơi chủ quan, cứng đầu. Trang phục: trang phục gọn g&agrave;ng, thoải m&aacute;i cho c&aacute;c hoạt động n&ecirc;n chiếm số đ&ocirc;ng trong tủ của bạn. Những chiếc kho&aacute;c sơ mi sẽ khiến bạn thuận lợi hơn trong c&ocirc;ng việc. Biểu Tượng Của Cung Bạch Dương Biểu tượng của Bạch Dương l&agrave; h&igrave;nh ảnh ph&aacute; c&aacute;ch c&aacute;i đầu của con Cừu đực. Trong truyền thuyết Hy lạp, Bạch Dương l&agrave; con cừu của thần Dớt c&oacute; bộ l&ocirc;ng bằng v&agrave;ng, t&ecirc;n Aries, lu&ocirc;n bị nh&agrave; th&aacute;m hiểm Jason săn đuổi tr&ecirc;n con thuyền Argo. Tuy vậy, Bạch Dương kh&ocirc;ng bao giờ chịu để người ta tước đi bộ l&ocirc;ng v&agrave;ng của m&igrave;nh. Cũng như truyền thuyết, người thuộc cung Bạch Dương l&agrave; biểu tượng của l&ograve;ng can đảm &iacute;t khi chịu bỏ cuộc.</p>\r\n\r\n<p><img alt=\"\" src=\"https://salt.tikicdn.com/ts/tmp/ad/b6/f7/00642c2425f2e1f1e34a0f6216739249.jpeg\" style=\"height:748px; width:748px\" /></p>\r\n\r\n<p>Cung Kim Ngưu 20/4-20/5</p>\r\n\r\n<p><img alt=\"\" src=\"https://salt.tikicdn.com/ts/tmp/66/8d/5e/b9c5fa4db19681df68556fde1f23f437.jpeg\" style=\"height:645px; width:748px\" /></p>\r\n\r\n<p>Tổng Quan Về Ch&ograve;m Sao Kim Ngưu Ti&ecirc;u ch&iacute; h&agrave;ng đầu của Kim Ngưu l&agrave; ổn định. Những người thuộc cung n&agrave;y rất th&iacute;ch sự gi&agrave;u c&oacute;, v&agrave; họ sẵn l&ograve;ng chịu vất vả để đạt được mục ti&ecirc;u đề ra. Kim Ngưu vốn l&agrave; người chăm chỉ, lại được trời ban cho sức khỏe n&ecirc;n dễ d&agrave;ng gặt h&aacute;i được nhiều th&agrave;nh c&ocirc;ng trong c&ocirc;ng việc. Đa số Kim Ngưu l&agrave; những người gi&agrave;u c&oacute;. Người thuộc cung n&agrave;y c&oacute; thể n&oacute;i l&agrave; đ&aacute;ng tin cậy nhất trong 12 cung ho&agrave;ng đạo, tuy nhi&ecirc;n c&oacute; phần hơi bướng bỉnh, thậm ch&iacute; l&agrave; bảo thủ, ch&iacute;nh điều n&agrave;y cản trở c&ocirc;ng việc của Kim Ngưu. Đặc điểm đ&aacute;ng qu&yacute; của những người sinh từ 20/4 &ndash; 20/5 l&agrave; s&aacute;ng tạo v&agrave; th&iacute;ch đi tr&ecirc;n ch&iacute;nh đ&ocirc;i ch&acirc;n của m&igrave;nh. BIỂU TƯỢNG CUNG KIM NGƯU H&igrave;nh ảnh c&aacute;ch điệu c&aacute;i đầu của con b&ograve; đực l&agrave; biểu tượng của Kim ngưu. Trong x&atilde; hội t&ocirc;n thờ c&aacute;c vị thần, b&ograve; đực được t&ocirc;n vinh như biểu tượng của sự ph&igrave; nhi&ecirc;u. Sức mạnh v&agrave; sự ki&ecirc;n định của b&ograve; đực gi&uacute;p người thuộc cung n&agrave;y ph&aacute;t triển bền vững trong cuộc sống.</p>\r\n\r\n<p>Cung Song Tử 21/5-21/6</p>\r\n\r\n<p><img alt=\"\" src=\"https://salt.tikicdn.com/ts/tmp/b2/d0/bf/70994a253af488396de1dbac18af1017.jpeg\" style=\"height:748px; width:748px\" /></p>\r\n\r\n<p>TỔNG QUAN CUNG SONG TỬ Song Tử c&ograve;n c&oacute; t&ecirc;n gọi kh&aacute;c l&agrave; Song Sinh hoặc Song Nam. Đặc điểm nổi bật nhất của cung ho&agrave;ng đạo n&agrave;y l&agrave; linh hoạt. Người thuộc cung n&agrave;y thường th&iacute;ch giao tiếp v&agrave; d&agrave;nh thời gian cho C&Aacute;C MỐI QUAN HỆ. Song Tử đưa ra quyết định nhanh ch&oacute;ng t&ugrave;y theo t&igrave;nh huống v&igrave; thế được cho l&agrave; chỗ dựa tinh thần vững chắc cho những người th&acirc;n. Họ l&agrave; người rất dễ t&iacute;nh, th&iacute;ch giao tiếp v&agrave; h&agrave;i hước. Nhưng, khi gặp phải vấn đề nghi&ecirc;m trọng, Song Tử lại xử l&yacute; một c&aacute;ch rất ch&iacute;n chắn v&agrave; trưởng th&agrave;nh. T&iacute;nh c&aacute;ch c&oacute; phần tương phản đ&oacute; đ&atilde; x&acirc;y dựng n&ecirc;n h&igrave;nh ảnh tuyệt vời của Song Tử. Bạn kh&ocirc;ng bao giờ l&agrave; người nh&agrave;m ch&aacute;n, lu&ocirc;n muốn l&agrave;m mới m&igrave;nh. BIỂU TƯỢNG Biểu tượng của Song sinh l&agrave; 2 cậu b&eacute; sinh đ&ocirc;i đứng cạnh nhau. Cặp song sinh đ&oacute; l&agrave; Castor v&agrave; Pollux. T&iacute;nh c&aacute;ch của cặp song sinh ho&agrave;n to&agrave;n tr&aacute;i ngược nhau, v&igrave; vậy người thuộc cung n&agrave;y dường như c&oacute; 2 khu&ocirc;n mặt, 2 t&iacute;nh c&aacute;ch đối lập &ndash; đ&oacute; kh&ocirc;ng phải l&agrave; ngẫu nhi&ecirc;n.</p>\r\n\r\n<p>Cung Cự Giải 22/6-22/7</p>\r\n\r\n<p><img alt=\"\" src=\"https://salt.tikicdn.com/ts/tmp/3a/c7/cf/20202ec0985ae6dfc39b0cc510e6fe5a.jpeg\" style=\"height:748px; width:748px\" /></p>\r\n\r\n<p>Tổng Quan Về Cung Cự Giải &quot;Cự Giải hay c&ograve;n gọi l&agrave; Bắc Giải. Đặc điểm nổi bật của Cự Giải l&agrave; trực gi&aacute;c v&agrave; đa đoan, v&agrave; họ l&agrave; cung ho&agrave;ng đạo kh&oacute; hiểu nhất trong v&ograve;ng tr&ograve;n ho&agrave;ng đạo. Sống t&igrave;nh cảm, v&agrave; c&oacute; tr&iacute; nhớ tốt l&agrave; đặc điểm nổi bật của Cự Giải. H&atilde;y ch&uacute; &yacute; &hellip; Cung Cự Giải điệt biệt l&agrave; những người c&oacute; suy nghĩ rất kh&oacute; hiểu v&agrave; thường g&acirc;y mẫu thuẫn ngay cả với ch&iacute;nh bản th&acirc;n họ. Phần đ&ocirc;ng những người thuộc Cự Giải rất &iacute;t muốn tiếp x&uacute;c với thế giới b&ecirc;n ngo&agrave;i. Họ c&oacute; thể ở trong ph&ograve;ng của m&igrave;nh m&agrave; kh&ocirc;ng bước ra phố h&agrave;ng tuần lễ nếu c&oacute; thể. N&oacute;i Cự Giải kh&oacute; hiểu bởi họ c&oacute; thể nh&uacute;t nh&aacute;t thu m&igrave;nh với x&atilde; hội, cũng c&oacute; những Cự Giải rất x&atilde; th&acirc;n v&igrave; cộng đồng, C&Aacute;C MỐI QUAN HỆ nhưng lại theo xu hướng l&agrave;m m&agrave; kh&ocirc;ng nghĩ đến hậu quả, ngay cả khi điều đ&oacute; g&acirc;y thiệt hại cho bản th&acirc;n như ch&iacute;nh truyền thuyết về ch&ograve;m sao n&agrave;y vậy. Biểu Tượng Của Ch&ograve;m Sao Cự Giải Biểu tượng của Cự Giải l&agrave; bộ c&agrave;ng c&aacute;ch điệu của con cua. Nữ thần Hera đ&atilde; gửi con cua tới ngăn cản anh h&ugrave;ng Hercules giết rắn nước Hydra. Thay v&agrave;o đ&oacute;, Hercules đ&atilde; giết con cua, v&agrave; con vật đ&atilde; được l&ecirc;n thi&ecirc;n đường. Sự hy sinh của con cua vẫn c&ograve;n sống đến ng&agrave;y nay, thể hiện ở t&igrave;nh thương y&ecirc;u v&ocirc; bờ bến của c&aacute;c người mẹ &ndash; ngự trị trong những người thuộc cung Cự Giải.</p>\r\n\r\n<p>Cung Sư Tử 23/7-22/8</p>\r\n\r\n<p><img alt=\"\" src=\"https://salt.tikicdn.com/ts/tmp/bc/12/1c/a49d7829a42669f734d6625b8be714a8.jpeg\" style=\"height:610px; width:748px\" /></p>\r\n\r\n<p>TỔNG QUAN VỀ CUNG SƯ TỬ &quot;Sư Tử hay c&ograve;n gọi l&agrave; Cung Sư Tử h&agrave;o ph&oacute;ng nhất trong v&ograve;ng 12 Cung Ho&agrave;ng Đạo. H&ugrave;ng mạnh, s&aacute;ng tạo v&agrave; quyến rũ l&agrave; những điểm nổi bật của người sinh trong cung n&agrave;y. D&ugrave; trong mối quan hệ với gia đ&igrave;nh, bạn b&egrave; hay trong c&ocirc;ng việc, Sư Tử lu&ocirc;n khẳng định vị tr&iacute; của m&igrave;nh. BIỂU TƯỢNG CỦA SƯ TỬ Biểu tượng của cung n&agrave;y l&agrave; c&aacute;i đầu của con Sư tử. Thử th&aacute;ch đầu ti&ecirc;n của Heracles l&agrave; ti&ecirc;u diệt Sư tử Nemea &ndash; con qu&aacute;i vật c&oacute; lớp da d&agrave;y đến nỗi kh&ocirc;ng mũi t&ecirc;n n&agrave;o xuy&ecirc;n thủng. Heracles đ&atilde; d&ugrave;ng tay b&oacute;p chết con vật v&agrave; linh hồn n&oacute; bay l&ecirc;n trời. Ng&agrave;y nay, giống như bản chất, Sư tử l&agrave; cung của sức mạnh, sự th&ocirc;ng th&aacute;i, v&agrave; &yacute; ch&iacute; kh&ocirc;ng dễ g&igrave; khuất phục.</p>\r\n\r\n<p>Cung Xử Nữ 23/8-22/9</p>\r\n\r\n<p><img alt=\"\" src=\"https://salt.tikicdn.com/ts/tmp/fd/88/56/9cebfd408aabbc28b66826e15b232934.jpeg\" style=\"height:748px; width:748px\" /></p>\r\n\r\n<p>TỔNG QUAN VỀ CUNG XỬ NỮ Xử Nữ l&agrave; cung ho&agrave;ng đạo tận t&acirc;m nhất trong 12 cung ho&agrave;ng đạo. Họ l&agrave; người biết quan t&acirc;m tới mọi người, sống thanh lịch, trước khi l&agrave;m việc g&igrave; đều suy nghĩ rất kỹ. Tuy nhi&ecirc;n, điểm mạnh cũng l&agrave; điểm yếu, đ&ocirc;i khi Xử Nữ đ&ograve;i hỏi qu&aacute; nhiều ở mọi người v&agrave; ch&iacute;nh bản th&acirc;n m&igrave;nh, lu&ocirc;n muốn mọi thứ phải thật ho&agrave;n mỹ. Xử Nữ l&agrave; người rất tuyệt vời nếu biết điều tiết t&iacute;nh cầu to&agrave;n của m&igrave;nh. C&aacute;c phẩm chất của Xử Nữ bao gồm khả năng tổ chức, ưa sạch sẽ, cực kỳ hiếu động, l&ograve;ng vị tha v&agrave; khả năng ho&agrave;n th&agrave;nh tốt c&ocirc;ng việc. Mặt ti&ecirc;u cực: Xử Nữ c&oacute; thể l&agrave; rất th&iacute;ch ph&ecirc; ph&aacute;n. Về mặt th&acirc;n thể, những người sinh trong cung n&agrave;y c&oacute; tr&aacute;n cao, vẻ mặt duy&ecirc;n d&aacute;ng với đ&ocirc;i mắt đẹp v&agrave; giọng n&oacute;i khi&ecirc;m tốn, nh&atilde; nhặn. BIỂU TƯỢNG CỦA XỬ NỮ Biểu tượng chữ M của Xử Nữ l&agrave; viết tắt của Mary &ndash; đức mẹ đồng trinh sinh ra ch&uacute;a Jesus; hoạ tiết b&ecirc;n cạnh đại diện cho b&oacute; l&uacute;a. Người ta cho rằng b&oacute; l&uacute;a tượng trưng cho dấu t&iacute;ch c&ograve;n s&oacute;t lại của thời ngoại gi&aacute;o trong giai đoạn ho&agrave;ng kim của đạo thi&ecirc;n ch&uacute;a gi&aacute;o: sự kết hợp c&aacute;i trong trắng b&ecirc;n trong với sự sung m&atilde;n của lo&agrave;i người &ndash; cả hai đều l&agrave; t&iacute;nh c&aacute;ch của Xử Nữ ng&agrave;y nay.</p>\r\n\r\n<p>Cung Thi&ecirc;n B&igrave;nh 23/9-23/10</p>\r\n\r\n<p><img alt=\"\" src=\"https://salt.tikicdn.com/ts/tmp/70/62/4a/94ed24487efc3ab7ae916af36a6192a4.jpeg\" style=\"height:748px; width:748px\" /></p>\r\n\r\n<p>TỔNG QUAN CUNG HO&Agrave;NG ĐẠO THI&Ecirc;N B&Igrave;NH Thi&ecirc;n B&igrave;nh c&ograve;n c&oacute; t&ecirc;n gọi kh&aacute;c l&agrave; Thi&ecirc;n Xứng trong 12 cung ho&agrave;ng đạo. Thi&ecirc;n B&igrave;nh c&oacute; t&iacute;nh c&aacute;ch h&agrave;i hước v&agrave; nhiệt t&igrave;nh, rất tuyệt trong t&igrave;nh bạn. Về t&igrave;nh y&ecirc;u, t&igrave;m &ldquo;nửa kia&rdquo; th&iacute;ch hợp l&agrave; ưu ti&ecirc;n h&agrave;ng đầu của người trong cung n&agrave;y. Với t&iacute;nh c&aacute;ch như vậy, Thi&ecirc;n B&igrave;nh kh&ocirc;ng chịu được c&ocirc; đơn trong thời gian d&agrave;i. &ldquo;T&ocirc;i c&acirc;n bằng giữa&hellip;&rdquo; đ&oacute; l&agrave; c&acirc;u cửa miệng của người cung Thi&ecirc;n B&igrave;nh. Y&ecirc;u h&ograve;a b&igrave;nh v&agrave; c&oacute; đầu &oacute;c ph&acirc;n t&iacute;ch tốt, Thi&ecirc;n B&igrave;nh căm gh&eacute;t sự c&ocirc; đơn. T&igrave;nh bằng hữu rất quan trọng với những người được sinh trong cung n&agrave;y. BIỂU TƯỢNG CỦA THI&Ecirc;N B&Igrave;NH Biểu tượng của Thi&ecirc;n b&igrave;nh l&agrave; chiếc c&acirc;n đĩa c&aacute;ch điệu &ndash; tượng trưng cho chiếc c&acirc;n của Astraea, nữ thần c&ocirc;ng l&yacute; thời La M&atilde;. Ứng dụng của chiếc c&acirc;n đ&atilde; được biết đến từ l&acirc;u, n&oacute; l&agrave; vật dụng để c&acirc;n đo độ nặng nhẹ của vật chất. Hai b&agrave;n c&acirc;n đại diện cho ch&ograve;m Thi&ecirc;n B&igrave;nh. Họ l&agrave; những người lu&ocirc;n suy nghĩ đắn đo tất cả những t&igrave;nh huống c&oacute; khả năng xuất hiện trước khi h&agrave;nh động, c&oacute; thể đưa ra những ph&aacute;n quyết ch&iacute;nh x&aacute;c để đạt được kết quả ho&agrave;n mỹ v&agrave; l&agrave; nh&agrave; đ&agrave;m ph&aacute;n t&agrave;i ba khi nh&igrave;n r&otilde; 2 mặt lợi hại của bất kỳ vấn đề n&agrave;o. Họ l&agrave; thuộc nh&oacute;m Kh&ocirc;ng kh&iacute;, cũng c&oacute; khuynh hướng th&iacute;ch giao tiếp, kh&ocirc;ng th&iacute;ch tranh luận.</p>\r\n\r\n<p>Cung B&ograve; Cạp 24/10-21/11</p>\r\n\r\n<p><img alt=\"\" src=\"https://salt.tikicdn.com/ts/tmp/40/f6/e5/3376f63aad306f398757706627f88b23.jpeg\" style=\"height:629px; width:748px\" /></p>\r\n\r\n<p>Tổng Quan Về Cung Bọ Cạp Hổ C&aacute;p hay c&ograve;n gọi l&agrave; Thần N&ocirc;ng, Hổ C&aacute;p, Thi&ecirc;n Hạt, Thi&ecirc;n Yết. Những người thuộc cung ho&agrave;ng đạo n&agrave;y đểu rất đa dạng về t&iacute;nh c&aacute;ch. Theo nh&agrave; chi&ecirc;m tinh Linda Goodman, họ chia th&agrave;nh ba loại. Loại thứ nhất &ndash; Hổ C&aacute;p &ldquo;Thuần tu&yacute;&rdquo; &ndash; t&agrave;n nhẫn, th&ugrave; dai, nọc độc của n&oacute; nguy hiểm đối với người xung quanh, nhất l&agrave; kẻ th&ugrave;. Loại thứ hai &ndash; Hổ C&aacute;p &ldquo;Đại b&agrave;ng&rdquo; &ndash; mạnh mẽ, tự lập, s&aacute;ng suốt v&agrave; c&ocirc;ng bằng. Loại thứ ba c&oacute; t&ecirc;n gọi &ldquo;Thằn lằn x&aacute;m&rdquo; &ndash; yếu đuối, than th&acirc;n tr&aacute;ch phận m&agrave; kh&ocirc;ng cố gắng t&aacute;c động t&iacute;ch cực v&agrave;o ho&agrave;n cảnh, căm th&ugrave; tất cả. Như vậy, loại &ldquo;Thuần tu&yacute;&rdquo; hướng sức mạnh v&agrave;o sự ph&aacute; huỷ, loại &ldquo;Đại b&agrave;ng&rdquo; hướng sinh lực cho sự s&aacute;ng tạo, loại &ldquo;Thằn lằn x&aacute;m&rdquo; k&igrave;m h&atilde;m nọc độc trong nội tạng, tự l&agrave;m hại m&igrave;nh. Nh&igrave;n chung, từ tốn v&agrave; quyến rũ, Hổ C&aacute;p c&oacute; n&eacute;t ri&ecirc;ng rất hấp dẫn. Với nguồn năng lượng cơ tể dồi d&agrave;o v&agrave; tr&iacute; tuệ vốn c&oacute;, Hổ C&aacute;p c&oacute; năng lực l&atilde;nh đạo tuyệt vời. Biểu Tượng Của Ch&ograve;m Sao Bọ Cạp Biểu tượng của Hổ C&aacute;p l&agrave; chữ M, viết tắt của Mars &ndash; vị thủ lĩnh truyền thống của Hổ C&aacute;p, với c&aacute;i đu&ocirc;i tượng trưng cho ng&ograve;i độc. Thợ săn cổ đại Orion từng kho&aacute;c l&aacute;c rằng kh&ocirc;ng c&oacute; con qu&aacute;i vật n&agrave;o đủ lớn để giết &ocirc;ng ta. Hổ C&aacute;p đ&atilde; chứng minh rằng &ocirc;ng ta sai. Người thuộc cung Hổ C&aacute;p c&oacute; thể ph&aacute;t huy sức mạnh trong c&aacute;c cuộc đấu v&agrave; sử dụng n&oacute; để đương đầu với mọi thử th&aacute;ch.</p>\r\n\r\n<p>Cung Nh&acirc;n M&atilde; 22/11-21/12</p>\r\n\r\n<p><img alt=\"\" src=\"https://salt.tikicdn.com/ts/tmp/9b/d1/3c/dbfb66a8d172b215317387ceae68fdc2.jpeg\" style=\"height:748px; width:748px\" /></p>\r\n\r\n<p>Tổng Quan Về Ch&ograve;m Sao Nh&acirc;n M&atilde; Nh&acirc;n M&atilde; hay c&ograve;n gọi l&agrave; Xạ Thủ v&agrave; Cung Thủ trong 12 cung ho&agrave;ng đạo. Năng lượng dồi d&agrave;o cộng với niềm đam m&ecirc; kh&aacute;m ph&aacute;, Nh&acirc;n M&atilde; l&agrave; cung th&iacute;ch đi du lịch v&agrave; được du lịch nhiều nhất cung ho&agrave;ng đạo. Mặc d&ugrave; th&ocirc;ng minh v&agrave; c&oacute; tinh thần cầu tiến, Nh&acirc;n M&atilde; c&oacute; điểm yếu l&agrave; cư xử thiếu tế nhị. Trong c&aacute;c mối quan hệ, n&oacute; y&ecirc;u cầu sự độc lập. Trong t&igrave;nh y&ecirc;u, Nh&acirc;n M&atilde; kh&ocirc;ng thể phủ nhận rằng m&igrave;nh l&agrave; sao rộng lượng v&agrave; đa t&igrave;nh nhất trong Ho&agrave;ng Đạo. BIỂU TƯỢNG CỦA NH&Acirc;N M&Atilde; Biểu tượng của Nh&acirc;n M&atilde; l&agrave; mũi t&ecirc;n của cung thủ. Nh&acirc;n M&atilde;, ban đầu l&agrave; qu&aacute;i vật đầu người m&igrave;nh ngựa hung dữ, đến từ truyền thuyết Sumeria. Tuy vậy, trong truyền thuyết th&agrave;nh Rome, n&oacute; lại trở th&agrave;nh một Chiron dịu d&agrave;ng v&agrave; đ&aacute;ng y&ecirc;u. V&igrave; vậy người thuộc cung n&agrave;y c&oacute; thể rất vui đ&ugrave;a, nhưng cũng l&agrave; đối thủ đ&aacute;ng gờm trong bất cứ cuộc xung đột n&agrave;o.</p>\r\n\r\n<p>Cung Ma Kết 22/12-19/1</p>\r\n\r\n<p><img alt=\"\" src=\"https://salt.tikicdn.com/ts/tmp/82/4b/22/25db5843f9c5da61855463677777fbbc.jpeg\" style=\"height:632px; width:748px\" /></p>\r\n\r\n<p>Tổng Quan Về Ch&ograve;m Sao Ma Kết &quot;N&oacute;i đến Ma Kết l&agrave; người ta nhắc tới sự chuy&ecirc;n nghiệp v&agrave; n&eacute;t truyền thống nhất trong 12 cung ho&agrave;ng đạo. Đ&acirc;y l&agrave; cung được coi l&agrave; nghi&ecirc;m t&uacute;c nhất trong 12 cung ho&agrave;ng đạo. Với đặc t&iacute;nh n&agrave;y, Ma Kết vừa c&oacute; thể ph&aacute;t triển sự nghiệp, vừa được sống trong t&igrave;nh y&ecirc;u bền vững. Nhiều người ch&ecirc; tr&aacute;ch người cung n&agrave;y qu&aacute; nghi&ecirc;m chỉnh đến tẻ nhạt nhưng Ma Kết &iacute;t khi để &yacute;. Họ thường nhẫn nhịn v&agrave; tha thứ để hướng tới những mục đ&iacute;ch cao đẹp hơn. BIỂU TƯỢNG CỦA MA KẾT Biểu tượng của Ma kết (Nam Dương) thể hiện c&aacute;i đầu v&agrave; đu&ocirc;i của con d&ecirc;. Theo truyền thuyết Hy Lạp, Nam Dương l&agrave; t&ecirc;n của vị anh h&ugrave;ng trong cuộc chiến Titans đ&atilde; hoảng loạn v&agrave; nhảy xuống d&ograve;ng s&ocirc;ng Nile, biến th&agrave;nh con vật nửa c&aacute; nửa d&ecirc;. Ng&agrave;y nay, Nam Dương sử dụng sự kh&ocirc;n ngoan của vị anh h&ugrave;ng đ&oacute; để vươn l&ecirc;n trong cuộc sống.</p>\r\n\r\n<p>Cung Bảo B&igrave;nh 20/1-18/2</p>\r\n\r\n<p><img alt=\"\" src=\"https://salt.tikicdn.com/ts/tmp/0a/b4/19/a2fb620ab4ca0feb20b6ebd15aac8433.jpeg\" style=\"height:748px; width:748px\" /></p>\r\n\r\n<p>Tổng Quan Về Cung Bảo B&igrave;nh &quot;Bảo B&igrave;nh hay c&ograve;n gọi Thủy B&igrave;nh l&agrave; những người c&oacute; tr&iacute; tưởng tượng rất phong ph&uacute; trong 12 cung ho&agrave;ng đạo. Đ&acirc;y vừa l&agrave; điểm mạnh, vừa l&agrave; điểm yếu của Bảo B&igrave;nh. Điểm lợi đ&oacute; l&agrave; họ c&oacute; c&aacute;i nh&igrave;n kh&aacute; to&agrave;n diện khi giải quyết vấn đề. Điểm bất lợi l&agrave; đ&ocirc;i khi người cung n&agrave;y thường l&agrave;m phức tạp h&oacute;a vấn đề. Những người c&ugrave;ng l&agrave;m việc với Bảo B&igrave;nh c&oacute; thể ho&agrave;n to&agrave;n y&ecirc;n t&acirc;m v&igrave; họ sống rất c&oacute; tr&aacute;ch nhiệm. Biểu Tượng Cung Bảo B&igrave;nh &quot;Biểu tượng của Bảo B&igrave;nh xuất ph&aacute;t từ chữ tượng h&igrave;nh Mu của Ai cập cổ, c&oacute; nghĩa l&agrave; nước. Người Ai Cập cổ cũng c&oacute; vị thần nước t&ecirc;n l&agrave; Hapi, thường đổ nước xuống tr&aacute;i đất bằng hai b&igrave;nh lớn. Dấu hiệu n&agrave;y tượng trưng cho sự ph&aacute;n x&eacute;t. L&agrave; phần ch&acirc;n của Vũ Trụ Nh&acirc;n, tức l&agrave; phần di động cơ cấu của con người. N&oacute; l&agrave; dấu hiệu tự nhi&ecirc;n của những lực chuyển động của cơ thể người ta. Người mang b&igrave;nh nước c&oacute; những tượng trưng giản dị nhưng đẹp đẽ: hai d&ograve;ng nước chảy. H&igrave;nh ảnh n&agrave;y đ&atilde; c&oacute; từ thời xa xưa. Dấu hiệu n&agrave;y kh&ocirc;ng những chỉ chứa đựng những nghi lễ của việc hy sinh, m&agrave; c&ograve;n cho thấy sức mạnh của c&ocirc;ng t&aacute;c l&yacute; tưởng thi&ecirc;ng li&ecirc;ng. Ng&agrave;y nay, những người thuộc cung Bảo B&igrave;nh truyền b&aacute; d&ograve;ng chảy th&ocirc;ng th&aacute;i của m&igrave;nh đi to&agrave;n thế giới. Biểu tượng của Bảo B&igrave;nh l&agrave; người đ&agrave;n &ocirc;ng &ocirc;m hai b&igrave;nh nước tr&ecirc;n tay: một b&igrave;nh l&agrave; nước sự sống, v&agrave; b&igrave;nh kia l&agrave; nước sự chết. Điều n&agrave;y tượng trưng cho sự ph&acirc;n biệt r&otilde; r&agrave;ng giữa tốt xấu, trắng đen. Bản t&iacute;nh Bảo B&igrave;nh rất quan t&acirc;m đến những th&agrave;nh tựu khoa học tiến bộ, v&iacute; dụ như m&aacute;y t&iacute;nh. N&oacute;i chung, họ rất th&iacute;ch d&ugrave;ng những thiết bị kỹ thuật cao. Đ&ocirc;i khi, họ tỏ ra qu&aacute; y&ecirc;u th&iacute;ch ch&uacute;ng đến mức c&oacute; thể đ&aacute;nh đổi mọi li&ecirc;n hệ x&atilde; hội. Thế giới nội t&acirc;m của những người sinh trong ch&ograve;m sao Bảo B&igrave;nh rất kh&ocirc;ng ổn định. Họ hay trở n&ecirc;n nổi loạn v&agrave; thường buồn b&atilde;. Mặc d&ugrave; Bảo B&igrave;nh th&iacute;ch mọi thứ mới mẻ nhưng họ vẫn c&oacute; thể nh&igrave;n thấy c&oacute; g&igrave; đ&oacute; đ&atilde; cũ. Bản chất Bảo B&igrave;nh thường c&oacute; xu hướng c&oacute; cuộc sống rất c&ocirc; đơn. Họ qu&aacute; nhạy cảm v&agrave; dễ bị tổn thương từ những cảm gi&aacute;c của m&igrave;nh. Bảo B&igrave;nh rất khao kh&aacute;t lợi lộc vật chất nhưng họ kh&ocirc;ng tham lam. Họ l&agrave; những người l&agrave;m việc kh&ocirc;ng mệt mỏi v&agrave; sẵn s&agrave;ng h&agrave;nh động cho điều họ mong muốn, v&agrave; kh&ocirc;ng đ&ograve;i hỏi nhiều hơn phần được chia hợp l&yacute; của m&igrave;nh. Họ c&oacute; bản năng đọc đuợc t&iacute;nh c&aacute;ch, v&agrave; do vậy họ qu&aacute; dễ d&agrave;ng &ldquo;nh&igrave;n thấu&rdquo; người kh&aacute;c để thực sự cảm thấy hạnh ph&uacute;c.</p>\r\n\r\n<p>Cung Song Ngư 19/2-20/3</p>\r\n\r\n<p><img alt=\"\" src=\"https://salt.tikicdn.com/ts/tmp/a6/fc/05/ac84f6fff3bfd9f8ecbab8f60b916667.jpeg\" style=\"height:648px; width:747px\" /></p>\r\n\r\n<p>TỔNG QUAN CUNG SONG NGƯ Song Ngư kh&aacute; dễ t&iacute;nh v&agrave; th&iacute;ch ứng nhanh với m&ocirc;i trường so với 12 cung ho&agrave;ng đạo , Song Ngư c&oacute; thể giao tiếp được với rất nhiều mẫu kh&aacute;c nhau. Song Ngư gh&eacute;t nhất l&agrave; mẫu người lu&ocirc;n tỏ ra biết mọi điều. Nếu muốn chỉ lỗi sai cho Song Ngư, người kh&aacute;c cũng cần nhẹ nh&agrave;ng v&agrave; biết c&aacute;ch. Nếu kh&ocirc;ng sẽ l&agrave;m họ tự &aacute;i. Họ biết c&aacute;ch nh&uacute;n nhường trong những trường hợp cần thiết v&agrave; cũng biết cảm th&ocirc;ng cho những ho&agrave;n cảnh kh&oacute; hơn m&igrave;nh. Người cung n&agrave;y thường mang lại kh&ocirc;ng kh&iacute; dễ chịu cho những người xung quanh. Nhưng người thuộc cung cuối c&ugrave;ng của v&ograve;ng ho&agrave;ng đạo kh&ocirc;ng c&oacute; khả năng l&atilde;nh đạo. Song Ngư th&iacute;ch c&oacute; nhiều thời gian để ngủ, th&iacute;ch sự l&atilde;ng mạn v&agrave; nghe nhạc một m&igrave;nh. Người cung n&agrave;y cũng th&iacute;ch sự tế nhị, nhẹ nh&agrave;ng, kh&ocirc;ng th&iacute;ch n&oacute;i to. BIỂU TƯỢNG CH&Ograve;M SAO SONG NGƯ Ở nơi s&acirc;u thẳm của đại dương, c&oacute; một cặp c&aacute; m&agrave;u sặc sỡ, ch&uacute;ng li&ecirc;n kết với nhau bằng một sợi d&acirc;y x&iacute;ch m&agrave;u bạc, đ&acirc;y ch&iacute;nh l&agrave; h&igrave;nh ảnh tượng trưng của những người sinh thuộc ch&ograve;m Song Ngư. Họ phần lớn l&agrave; để mặc cho số phận, kh&ocirc;ng th&iacute;ch theo đuổi danh lợi. Cặp c&aacute; n&agrave;y đang vui vẻ tự tại, đợi những đợt s&oacute;ng d&acirc;ng tr&agrave;o kh&ocirc;ng ngưng cuốn ch&uacute;ng tr&ocirc;i dạt đến nơi n&agrave;o đ&oacute;. Song Ngư th&iacute;ch hoạt động trầm tĩnh, tự vui với bản th&acirc;n. Biểu tượng của Song Ngư l&agrave; c&aacute;ch điệu của hai con c&aacute;. Truyền thuyết cung n&agrave;y c&oacute; từ thời Sumer, nhưng c&acirc;u chuyện được biết đến nhiều nhất c&oacute; từ thời Hy Lạp. Aphrodite v&agrave; người con trai Eros đ&atilde; bị con qu&aacute;i vật Typhon rượt đuổi. Họ tho&aacute;t chết trong gang tấc khi nhảy xuống nước v&agrave; biến th&agrave;nh c&aacute;. Người tuổi Song Ngư thường trốn m&igrave;nh trong biển cả của tr&iacute; tưởng tượng.</p>\r\n', '2019-08-21 16:54:34', 1, 13, 1, 49000, 0),
(15, '1st Single SGO48: Heavy Rotation', '<table cellspacing=\"0\">\r\n	<tbody>\r\n		<tr>\r\n			<td>Thương hiệu</td>\r\n			<td><a href=\"http://tiki.vn/thuong-hieu/sgo48.html\">SGO48</a></td>\r\n		</tr>\r\n		<tr>\r\n			<td>Xuất xứ thương hiệu</td>\r\n			<td>Nhật Bản</td>\r\n		</tr>\r\n		<tr>\r\n			<td>Sản xuất tại</td>\r\n			<td>Việt Nam</td>\r\n		</tr>\r\n		<tr>\r\n			<td>K&iacute;ch thước</td>\r\n			<td>15 x 12 x 3 cm</td>\r\n		</tr>\r\n		<tr>\r\n			<td>SKU</td>\r\n			<td>1986323220235</td>\r\n		</tr>\r\n	</tbody>\r\n</table>\r\n', 'b14_554968536492663.jpg', 'duynguyen', '<p><strong>SGO48</strong>&nbsp;l&agrave; một nh&oacute;m nhạc nữ thần tượng đ&ocirc;ng th&agrave;nh vi&ecirc;n nhất Việt Nam v&agrave; l&agrave; nh&oacute;m chị em quốc tế thứ s&aacute;u của AKB48.&nbsp;</p>\r\n\r\n<p>Sau s&aacute;u th&aacute;ng tập luyện gian khổ, c&ocirc;ng ty YAG quyết định cho&nbsp;<strong>SGO48</strong>&nbsp;ra mắt Single đầu ti&ecirc;n:&nbsp;<strong>Heavy Rotation</strong>, được k&igrave; vọng sẽ tạo n&ecirc;n một hiện tượng mới trong thị trường &acirc;m nhạc của giới trẻ Việt Nam.&nbsp;</p>\r\n\r\n<p>Với giai điệu vui tươi v&agrave; mạnh mẽ, Heavy Rotation của SGO48 thể hiện tinh thần lạc quan, sự nỗ lực c&ugrave;ng kh&aacute;t vọng vươn tới ước mơ.&nbsp;</p>\r\n\r\n<p>MV&nbsp;<strong>Heavy Rotatio</strong>n được thực hiện bởi tập đo&agrave;n&nbsp;<em>Yeah1</em>&nbsp;c&ugrave;ng ekip H&agrave;n Quốc hứa hẹn sẽ l&agrave; một bữa tiệc &acirc;m nhạc đầy m&agrave;u sắc. Single đầu ti&ecirc;n của&nbsp;<strong>SGO48</strong>&nbsp;bao gồm: 1 Collectible Card được t&iacute;ch hợp với 1 Digital Card c&oacute; m&atilde; code để download 1 MV v&agrave; 3 bản MP3 từ website SGO48.VN, 1 Bonus Photo l&agrave; h&igrave;nh của một th&agrave;nh vi&ecirc;n bất kỳ, 1 v&eacute; tham dự sự kiện bắt tay diễn ra tại H&agrave; Nội hoặc TPHCM v&agrave; 1 cuốn Lyric Book.&nbsp;</p>\r\n\r\n<p>C&ograve;n chần chờ g&igrave; nữa m&agrave; kh&ocirc;ng ủng hộ ước mơ của c&aacute;c c&ocirc; g&aacute;i của&nbsp;<strong>SGO48</strong>&nbsp;với single đầu ti&ecirc;n:&nbsp;<strong>Heavy Rotation</strong>.</p>\r\n', '2019-08-21 16:54:24', 1, 14, 3, 249000, 0);
INSERT INTO `books` (`bid`, `bname`, `decription`, `picture`, `create_by`, `detail`, `date_create`, `enable`, `cid`, `count_view`, `price`, `discount`) VALUES
(16, 'Bộ tượng 3 chú tiểu vui vẻ - Cỡ lớn', '<table cellspacing=\"0\">\r\n	<tbody>\r\n		<tr>\r\n			<td>Thương hiệu</td>\r\n			<td><a href=\"http://tiki.vn/thuong-hieu/oem.html\">OEM</a></td>\r\n		</tr>\r\n		<tr>\r\n			<td>K&iacute;ch thước</td>\r\n			<td>\r\n			<p>KT BB: 30 X 9 X 18 cm&nbsp;</p>\r\n\r\n			<p>KT SP: 7 X 7 X 17 cm&nbsp;</p>\r\n			</td>\r\n		</tr>\r\n		<tr>\r\n			<td>SKU</td>\r\n			<td>8887088154861</td>\r\n		</tr>\r\n	</tbody>\r\n</table>\r\n', 'b15_554954555485360.jpeg', 'duynguyen', '<p>M&agrave;u : N&acirc;u</p>\r\n\r\n<p>Size : 7 X 7 X 17 Cm ( 1 ch&uacute;)</p>\r\n\r\n<p>Chất liệu : Nhựa sứ cao cấp</p>\r\n\r\n<p>Trọng lượng : 1.03 kg</p>\r\n\r\n<p>m&agrave;u sắc h&agrave;i h&ograve;a rất đẹp.</p>\r\n\r\n<p>Bộ sản phẩm gồm 3 tượng l&agrave;m thủ c&ocirc;ng tinh tế</p>\r\n\r\n<p>C&ocirc;ng dụng : trang tr&iacute; &ocirc; t&ocirc;, b&agrave;n l&agrave;m việc, tiểu cả</p>\r\n', '2019-08-21 16:54:10', 1, 15, 2, 425000, 0),
(17, 'Giáo Trình Thực Hành Photoshop CC-CS6-CS5', '<table cellspacing=\"0\">\r\n	<tbody>\r\n		<tr>\r\n			<td>C&ocirc;ng ty ph&aacute;t h&agrave;nh</td>\r\n			<td><a href=\"http://tiki.vn/cty-sach/cong-ty-tnhh-thuong-mai-stk.html\">C&ocirc;ng Ty TNHH Thương Mại STK</a></td>\r\n		</tr>\r\n		<tr>\r\n			<td>Ng&agrave;y xuất bản</td>\r\n			<td>08-2018</td>\r\n		</tr>\r\n		<tr>\r\n			<td>K&iacute;ch thước</td>\r\n			<td>\r\n			<p>16 x 24 cm</p>\r\n			</td>\r\n		</tr>\r\n		<tr>\r\n			<td>Nh&agrave; xuất bản</td>\r\n			<td>Nh&agrave; Xuất Bản Thanh Ni&ecirc;n</td>\r\n		</tr>\r\n		<tr>\r\n			<td>Loại b&igrave;a</td>\r\n			<td>B&igrave;a mềm</td>\r\n		</tr>\r\n		<tr>\r\n			<td>Số trang</td>\r\n			<td>382</td>\r\n		</tr>\r\n		<tr>\r\n			<td>SKU</td>\r\n			<td>6209161765832</td>\r\n		</tr>\r\n	</tbody>\r\n</table>\r\n', 'b16_554944497272258.jpg', 'duynguyen', '<p><strong>Photoshop Gi&aacute;o Tr&igrave;nh Xử L&yacute; Ảnh CC-CS6-CS5</strong></p>\r\n\r\n<p>S&aacute;ch được bi&ecirc;n soạn kiểu &ldquo;cầm tay chỉ việc&rdquo; gi&uacute;p người học dễ theo d&otilde;i v&agrave; thực h&agrave;nh khai th&aacute;c c&aacute;c c&ocirc;ng cụ tạo v&ugrave;ng chọn trong Photoshop CC để gh&eacute;p v&agrave; chỉnh sửa ảnh. Bạn đọc sẽ tiết kiệm thời gian, đạt năng suất hơn khi l&agrave;m việc với Photoshop CC cũng như với c&aacute;c phi&ecirc;n bản cũ hơn như Photoshop CS4, CS5, CS6. T&agrave;i liệu kh&ocirc;ng thể thiếu của học sinh, sinh vi&ecirc;n, c&aacute;c nhiếp ảnh gia, c&aacute;c nh&agrave; thiết kế đồ họa, thiết kế Web v&agrave; bi&ecirc;n tập</p>\r\n', '2019-08-21 16:54:00', 1, 8, 0, 84000, 0),
(18, ' Cho Tôi Xin Một Vé Đi Tuổi Thơ (Bìa Mềm) (Tái Bản)', '<table cellspacing=\"0\">\r\n	<tbody>\r\n		<tr>\r\n			<td>C&ocirc;ng ty ph&aacute;t h&agrave;nh</td>\r\n			<td><a href=\"http://tiki.vn/cty-sach/tre.html\">NXB Trẻ</a></td>\r\n		</tr>\r\n		<tr>\r\n			<td>T&aacute;c giả</td>\r\n			<td>Nguyễn Nhật &Aacute;nh</td>\r\n		</tr>\r\n		<tr>\r\n			<td>Ng&agrave;y xuất bản</td>\r\n			<td>11-2018</td>\r\n		</tr>\r\n		<tr>\r\n			<td>K&iacute;ch thước</td>\r\n			<td>13 x 20 cm</td>\r\n		</tr>\r\n		<tr>\r\n			<td>SKU</td>\r\n			<td>8494814360139</td>\r\n		</tr>\r\n	</tbody>\r\n</table>\r\n', 'b17_554935629414333.jpg', 'duynguyen', '<p>Truyện Cho t&ocirc;i xin một v&eacute; đi tuổi thơ l&agrave; s&aacute;ng t&aacute;c mới nhất của nh&agrave; văn Nguyễn Nhật &Aacute;nh. Nh&agrave; văn mời người đọc l&ecirc;n chuyến t&agrave;u quay ngược trở lại thăm tuổi thơ v&agrave; t&igrave;nh bạn dễ thương của 4 bạn nhỏ. Những tr&ograve; chơi dễ thương thời b&eacute;, t&iacute;nh c&aacute;ch thật th&agrave;, thẳng thắn một c&aacute;ch th&ocirc;ng minh v&agrave; dại dột, những ước mơ tự do trong l&ograve;ng&hellip; khiến cuốn s&aacute;ch c&oacute; thể l&agrave;m c&aacute;c bậc phụ huynh lo lắng rồi thở ph&agrave;o. Kh&ocirc;ng chỉ th&iacute;ch hợp với người đọc trẻ, cuốn s&aacute;ch c&ograve;n c&oacute; thể hấp dẫn v&agrave; thực sự c&oacute; &iacute;ch cho người lớn trong quan hệ với con m&igrave;nh.</p>\r\n', '2019-08-21 16:53:51', 1, 6, 0, 56000, 0),
(19, 'The Economist: March Of The Machines - 26', '<table cellspacing=\"0\">\r\n	<tbody>\r\n		<tr>\r\n			<td>C&ocirc;ng ty ph&aacute;t h&agrave;nh</td>\r\n			<td><a href=\"http://tiki.vn/cty-sach/global-book-corporation.html\">Global Book Corporation</a></td>\r\n		</tr>\r\n		<tr>\r\n			<td>Nh&agrave; xuất bản</td>\r\n			<td>Global Book Corporation</td>\r\n		</tr>\r\n		<tr>\r\n			<td>Ng&agrave;y xuất bản</td>\r\n			<td>06-2016</td>\r\n		</tr>\r\n		<tr>\r\n			<td>Loại b&igrave;a</td>\r\n			<td>Paperback</td>\r\n		</tr>\r\n		<tr>\r\n			<td>SKU</td>\r\n			<td>2355125754689</td>\r\n		</tr>\r\n	</tbody>\r\n</table>\r\n', 'b18_554926492565422.jpg', 'duynguyen', '<p><strong>The Economist: March Of The Machines</strong></p>\r\n\r\n<p>The Economist offers authoritative insight and opinion on international news, politics, business, finance, science, technology and the connections between them.</p>\r\n\r\n<p>This is international issues in English to be released weekly. The Economist is owned by The Economist Newspaper Ltd. and edited at the City of Westminster, London, UK.</p>\r\n\r\n<p>The world this week.</p>\r\n\r\n<p>Business this week.</p>\r\n', '2019-08-21 16:53:42', 1, 19, 0, 184000, 0),
(20, ' Harry Potter Part 1: Harry Potter And The Philosopher\'s Stone (Paperback) - Harry Potter và Hòn đá phù thủy', '<table cellspacing=\"0\">\r\n	<tbody>\r\n		<tr>\r\n			<td>C&ocirc;ng ty ph&aacute;t h&agrave;nh</td>\r\n			<td><a href=\"http://tiki.vn/cty-sach/bloomsbury.html\">Bloomsbury</a></td>\r\n		</tr>\r\n		<tr>\r\n			<td>Nh&agrave; xuất bản</td>\r\n			<td>Bloomsbury</td>\r\n		</tr>\r\n		<tr>\r\n			<td>T&aacute;c giả</td>\r\n			<td>J. K. Rowling</td>\r\n		</tr>\r\n		<tr>\r\n			<td>Ng&agrave;y xuất bản</td>\r\n			<td>05-2014</td>\r\n		</tr>\r\n		<tr>\r\n			<td>ISBN-13</td>\r\n			<td>9781408855652</td>\r\n		</tr>\r\n		<tr>\r\n			<td>K&iacute;ch thước</td>\r\n			<td>198 x 129 mm</td>\r\n		</tr>\r\n		<tr>\r\n			<td>Loại b&igrave;a</td>\r\n			<td>Paperback</td>\r\n		</tr>\r\n		<tr>\r\n			<td>Số trang</td>\r\n			<td>331</td>\r\n		</tr>\r\n		<tr>\r\n			<td>ISBN-10</td>\r\n			<td>9781408855652</td>\r\n		</tr>\r\n		<tr>\r\n			<td>SKU</td>\r\n			<td>2308020746303</td>\r\n		</tr>\r\n	</tbody>\r\n</table>\r\n', 'b19_554912451528424.jpg', 'duynguyen', '<p><strong>Harry Potter And The Philosopher&#39;s Stone</strong></p>\r\n\r\n<p>Harry Potter has never even heard of Hogwarts when the letters start dropping on the doormat at number four, Privet Drive. Addressed in green ink on yellowish parchment with a purple seal, they are swiftly confiscated by his grisly aunt and uncle. Then, on Harry&#39;s eleventh birthday, a great beetle-eyed giant of a man called Rubeus Hagrid bursts in with some astonishing news: Harry Potter is a wizard, and he has a place at Hogwarts School of Witchcraft and Wizardry.</p>\r\n\r\n<p>An incredible adventure is about to begin! These new editions of the classic and internationally bestselling, multi-award-winning series feature instantly pick-up-able new jackets by Jonny Duddle, with huge child appeal, to bring Harry Potter to the next generation of readers. It&#39;s time to PASS THE MAGIC ON ...</p>\r\n', '2019-08-21 16:53:28', 1, 22, 0, 178000, 0),
(21, 'Harry Potter Part 7: Harry Potter And The Deathly Hallows (Paperback) - Harry Potter và Bảo bối tử thần', '<table cellspacing=\"0\">\r\n	<tbody>\r\n		<tr>\r\n			<td>C&ocirc;ng ty ph&aacute;t h&agrave;nh</td>\r\n			<td><a href=\"http://tiki.vn/cty-sach/bloomsbury.html\">Bloomsbury</a></td>\r\n		</tr>\r\n		<tr>\r\n			<td>Nh&agrave; xuất bản</td>\r\n			<td>Bloomsbury</td>\r\n		</tr>\r\n		<tr>\r\n			<td>T&aacute;c giả</td>\r\n			<td>J. K. Rowling</td>\r\n		</tr>\r\n		<tr>\r\n			<td>Ng&agrave;y xuất bản</td>\r\n			<td>05-2014</td>\r\n		</tr>\r\n		<tr>\r\n			<td>ISBN-13</td>\r\n			<td>9781408855713</td>\r\n		</tr>\r\n		<tr>\r\n			<td>K&iacute;ch thước</td>\r\n			<td>198 x 129 mm</td>\r\n		</tr>\r\n		<tr>\r\n			<td>Loại b&igrave;a</td>\r\n			<td>Paperback</td>\r\n		</tr>\r\n		<tr>\r\n			<td>Số trang</td>\r\n			<td>619</td>\r\n		</tr>\r\n		<tr>\r\n			<td>ISBN-10</td>\r\n			<td>9781408855713</td>\r\n		</tr>\r\n		<tr>\r\n			<td>SKU</td>\r\n			<td>2301820588777</td>\r\n		</tr>\r\n	</tbody>\r\n</table>\r\n', 'b20_554899278388694.jpg', 'duynguyen', '<p><strong>Harry Potter And The Deathly Hallows - Part 7</strong></p>\r\n\r\n<p>As he climbs into the sidecar of Hagrid&#39;s motorbike and takes to the skies, leaving Privet Drive for the last time, Harry Potter knows that Lord Voldemort and the Death Eaters are not far behind. The protective charm that has kept Harry safe until now is now broken, but he cannot keep hiding. The Dark Lord is breathing fear into everything Harry loves, and to stop him Harry will have to find and destroy the remaining Horcruxes. The final battle must begin - Harry must stand and face his enemy. These new editions of the classic and internationally bestselling, multi-award-winning series feature instantly pick-up-able new jackets by Jonny Duddle, with huge child appeal, to bring Harry Potter to the next generation of readers. It&#39;s time to PASS THE MAGIC ON ..</p>\r\n', '2019-08-21 16:53:14', 1, 22, 0, 178000, 0),
(22, 'Harry Potter Part 5: Harry Potter And The Order Of The Phoenix (Paperback) - Harry Potter và Hội phượng hoàng', '<table cellspacing=\"0\">\r\n	<tbody>\r\n		<tr>\r\n			<td>C&ocirc;ng ty ph&aacute;t h&agrave;nh</td>\r\n			<td><a href=\"http://tiki.vn/cty-sach/bloomsbury.html\">Bloomsbury</a></td>\r\n		</tr>\r\n		<tr>\r\n			<td>Nh&agrave; xuất bản</td>\r\n			<td>Bloomsbury</td>\r\n		</tr>\r\n		<tr>\r\n			<td>T&aacute;c giả</td>\r\n			<td>J. K. Rowling</td>\r\n		</tr>\r\n		<tr>\r\n			<td>Ng&agrave;y xuất bản</td>\r\n			<td>05-2014</td>\r\n		</tr>\r\n		<tr>\r\n			<td>ISBN-13</td>\r\n			<td>9781408855690</td>\r\n		</tr>\r\n		<tr>\r\n			<td>K&iacute;ch thước</td>\r\n			<td>198 x 129 mm</td>\r\n		</tr>\r\n		<tr>\r\n			<td>Loại b&igrave;a</td>\r\n			<td>Paperback</td>\r\n		</tr>\r\n		<tr>\r\n			<td>Số trang</td>\r\n			<td>799</td>\r\n		</tr>\r\n		<tr>\r\n			<td>ISBN-10</td>\r\n			<td>9781408855690</td>\r\n		</tr>\r\n		<tr>\r\n			<td>SKU</td>\r\n			<td>2305088287533</td>\r\n		</tr>\r\n	</tbody>\r\n</table>\r\n', 'b21_554885103360527.jpg', 'duynguyen', '<p><strong>Harry Potter And The Order Of The Phoenix - Part 5</strong></p>\r\n\r\n<p>Harry Potter&#39;s summer has included the worst birthday ever, doomy warnings from a house-elf called Dobby, and rescue from the Dursleys by his friend Ron Weasley in a magical flying car! Back at Hogwarts School of Witchcraft and Wizardry for his second year, Harry hears strange whispers echo through empty corridors - and then the attacks start. Students are found as though turned to stone ...Dobby&#39;s sinister predictions seem to be coming true. These new editions of the classic and internationally bestselling, multi-award-winning series feature instantly pick-up-able new jackets by Jonny Duddle, with huge child appeal, to bring Harry Potter to the next generation of readers. It&#39;s time to PASS THE MAGIC ON...</p>\r\n', '2019-08-21 16:53:00', 1, 22, 0, 177000, 0),
(23, 'Harry Potter Part 3: Harry Potter And The Prisoner Of Azkaban (Paperback) - Harry Potter và tù nhân ngục Azkaban', '<table cellspacing=\"0\">\r\n	<tbody>\r\n		<tr>\r\n			<td>C&ocirc;ng ty ph&aacute;t h&agrave;nh</td>\r\n			<td><a href=\"http://tiki.vn/cty-sach/bloomsbury.html\">Bloomsbury</a></td>\r\n		</tr>\r\n		<tr>\r\n			<td>Nh&agrave; xuất bản</td>\r\n			<td>Bloomsbury</td>\r\n		</tr>\r\n		<tr>\r\n			<td>T&aacute;c giả</td>\r\n			<td>J. K. Rowling</td>\r\n		</tr>\r\n		<tr>\r\n			<td>Ng&agrave;y xuất bản</td>\r\n			<td>05-2014</td>\r\n		</tr>\r\n		<tr>\r\n			<td>ISBN-13</td>\r\n			<td>9781408855676</td>\r\n		</tr>\r\n		<tr>\r\n			<td>K&iacute;ch thước</td>\r\n			<td>198 x 129 mm</td>\r\n		</tr>\r\n		<tr>\r\n			<td>Loại b&igrave;a</td>\r\n			<td>Paperback</td>\r\n		</tr>\r\n		<tr>\r\n			<td>Số trang</td>\r\n			<td>461</td>\r\n		</tr>\r\n		<tr>\r\n			<td>ISBN-10</td>\r\n			<td>9781408855676</td>\r\n		</tr>\r\n		<tr>\r\n			<td>SKU</td>\r\n			<td>2307830940093</td>\r\n		</tr>\r\n	</tbody>\r\n</table>\r\n', 'b22_554867734447769.jpg', 'duynguyen', '<p><strong>Harry Potter And The Prisoner Of Azkaban</strong></p>\r\n\r\n<p>When the Knight Bus crashes through the darkness and screeches to a halt in front of him, it&#39;s the start of another far from ordinary year at Hogwarts for Harry Potter. Sirius Black, escaped mass-murderer and follower of Lord Voldemort, is on the run - and they say he is coming after Harry. In his first ever Divination class, Professor Trelawney sees an omen of death in Harry&#39;s tea leaves ...But perhaps most terrifying of all are the Dementors patrolling the school grounds, with their soul-sucking kiss. These new editions of the classic and internationally bestselling, multi-award-winning series feature instantly pick-up-able new jackets by Jonny Duddle, with huge child appeal, to bring Harry Potter to the next generation of readers. It&#39;s time to PASS THE MAGIC ON...</p>\r\n', '2019-08-21 16:52:43', 1, 22, 0, 128000, 0),
(24, 'Harry Potter Part 2: Harry Potter And The Chamber Of Secrets (Paperback) - Harry Potter và phòng chứa bí mật', '<table cellspacing=\"0\">\r\n	<tbody>\r\n		<tr>\r\n			<td>C&ocirc;ng ty ph&aacute;t h&agrave;nh</td>\r\n			<td><a href=\"http://tiki.vn/cty-sach/bloomsbury.html\">Bloomsbury</a></td>\r\n		</tr>\r\n		<tr>\r\n			<td>Nh&agrave; xuất bản</td>\r\n			<td>Bloomsbury</td>\r\n		</tr>\r\n		<tr>\r\n			<td>T&aacute;c giả</td>\r\n			<td>J. K. Rowling</td>\r\n		</tr>\r\n		<tr>\r\n			<td>Ng&agrave;y xuất bản</td>\r\n			<td>05-2014</td>\r\n		</tr>\r\n		<tr>\r\n			<td>ISBN-13</td>\r\n			<td>9781408855669</td>\r\n		</tr>\r\n		<tr>\r\n			<td>K&iacute;ch thước</td>\r\n			<td>198 x 129 mm</td>\r\n		</tr>\r\n		<tr>\r\n			<td>Loại b&igrave;a</td>\r\n			<td>Paperback</td>\r\n		</tr>\r\n		<tr>\r\n			<td>Số trang</td>\r\n			<td>359</td>\r\n		</tr>\r\n		<tr>\r\n			<td>ISBN-10</td>\r\n			<td>9781408855669</td>\r\n		</tr>\r\n		<tr>\r\n			<td>SKU</td>\r\n			<td>2304361618477</td>\r\n		</tr>\r\n	</tbody>\r\n</table>\r\n', 'b23_554855604910276.jpg', 'duynguyen', '<p><strong>Harry Potter And The Chamber Of Secrets</strong></p>\r\n\r\n<p>Harry Potter&#39;s summer has included the worst birthday ever, doomy warnings from a house-elf called Dobby, and rescue from the Dursleys by his friend Ron Weasley in a magical flying car! Back at Hogwarts School of Witchcraft and Wizardry for his second year, Harry hears strange whispers echo through empty corridors - and then the attacks start. Students are found as though turned to stone ...Dobby&#39;s sinister predictions seem to be coming true. These new editions of the classic and internationally bestselling, multi-award-winning series feature instantly pick-up-able new jackets by Jonny Duddle, with huge child appeal, to bring Harry Potter to the next generation of readers. It&#39;s time to PASS THE MAGIC ON...</p>\r\n', '2019-08-21 16:52:31', 1, 22, 0, 175000, 0),
(25, 'Harry Potter Part 4: Harry Potter And The Goblet Of Fire (Paperback) - Harry Potter và chiếc cốc lửa', '<table cellspacing=\"0\">\r\n	<tbody>\r\n		<tr>\r\n			<td>C&ocirc;ng ty ph&aacute;t h&agrave;nh</td>\r\n			<td><a href=\"http://tiki.vn/cty-sach/bloomsbury.html\">Bloomsbury</a></td>\r\n		</tr>\r\n		<tr>\r\n			<td>Nh&agrave; xuất bản</td>\r\n			<td>Bloomsbury</td>\r\n		</tr>\r\n		<tr>\r\n			<td>T&aacute;c giả</td>\r\n			<td>J. K. Rowling</td>\r\n		</tr>\r\n		<tr>\r\n			<td>Ng&agrave;y xuất bản</td>\r\n			<td>05-2014</td>\r\n		</tr>\r\n		<tr>\r\n			<td>ISBN-13</td>\r\n			<td>9781408855683</td>\r\n		</tr>\r\n		<tr>\r\n			<td>K&iacute;ch thước</td>\r\n			<td>198 x 129 mm</td>\r\n		</tr>\r\n		<tr>\r\n			<td>Loại b&igrave;a</td>\r\n			<td>Paperback</td>\r\n		</tr>\r\n		<tr>\r\n			<td>Số trang</td>\r\n			<td>616</td>\r\n		</tr>\r\n		<tr>\r\n			<td>ISBN-10</td>\r\n			<td>9781408855683</td>\r\n		</tr>\r\n		<tr>\r\n			<td>SKU</td>\r\n			<td>2306328113605</td>\r\n		</tr>\r\n		<tr>\r\n			<td>&nbsp;</td>\r\n			<td>&nbsp;</td>\r\n		</tr>\r\n	</tbody>\r\n</table>\r\n', 'b24_554840490291544.jpg', 'duynguyen', '<p><strong>Harry Potter And The Goblet Of Fire - Part 4</strong></p>\r\n\r\n<p>The Triwizard Tournament is to be held at Hogwarts. Only wizards who are over seventeen are allowed to enter - but that doesn&#39;t stop Harry dreaming that he will win the competition. Then at Hallowe&#39;en, when the Goblet of Fire makes its selection, Harry is amazed to find his name is one of those that the magical cup picks out. He will face death-defying tasks, dragons and Dark wizards, but with the help of his best friends, Ron and Hermione, he might just make it through - alive! These new editions of the classic and internationally bestselling, multi-award-winning series feature instantly pick-up-able new jackets by Jonny Duddle, with huge child appeal, to bring Harry Potter to the next generation of readers. It&#39;s time to PASS THE MAGIC ON ...</p>\r\n', '2019-08-21 16:52:16', 1, 22, 0, 185000, 0),
(26, 'Harry Potter Part 6: Harry Potter And The Half-Blood Prince (Paperback) - Harry Potter và hoàng tử lai', '<table cellspacing=\"0\">\r\n	<tbody>\r\n		<tr>\r\n			<td>C&ocirc;ng ty ph&aacute;t h&agrave;nh</td>\r\n			<td><a href=\"http://tiki.vn/cty-sach/bloomsbury.html\">Bloomsbury</a></td>\r\n		</tr>\r\n		<tr>\r\n			<td>Nh&agrave; xuất bản</td>\r\n			<td>Bloomsbury</td>\r\n		</tr>\r\n		<tr>\r\n			<td>T&aacute;c giả</td>\r\n			<td>J. K. Rowling</td>\r\n		</tr>\r\n		<tr>\r\n			<td>Ng&agrave;y xuất bản</td>\r\n			<td>05-2014</td>\r\n		</tr>\r\n		<tr>\r\n			<td>ISBN-13</td>\r\n			<td>9781408855706</td>\r\n		</tr>\r\n		<tr>\r\n			<td>K&iacute;ch thước</td>\r\n			<td>198 x 129 mm</td>\r\n		</tr>\r\n		<tr>\r\n			<td>Loại b&igrave;a</td>\r\n			<td>Paperback</td>\r\n		</tr>\r\n		<tr>\r\n			<td>Số trang</td>\r\n			<td>541</td>\r\n		</tr>\r\n		<tr>\r\n			<td>ISBN-10</td>\r\n			<td>9781408855706</td>\r\n		</tr>\r\n		<tr>\r\n			<td>SKU</td>\r\n			<td>2301841637393</td>\r\n		</tr>\r\n	</tbody>\r\n</table>\r\n', 'b25_554828693109716.jpeg', 'duynguyen', '<p><strong>Harry Potter And The Half-Blood Prince - Part 6</strong></p>\r\n\r\n<p>When Dumbledore arrives at Privet Drive one summer night to collect Harry Potter, his wand hand is blackened and shrivelled, but he does not reveal why. Secrets and suspicion are spreading through the wizarding world, and Hogwarts itself is not safe. Harry is convinced that Malfoy bears the Dark Mark: there is a Death Eater amongst them. Harry will need powerful magic and true friends as he explores Voldemort&#39;s darkest secrets, and Dumbledore prepares him to face his destiny.</p>\r\n\r\n<p>These new editions of the classic and internationally bestselling, multi-award-winning series feature instantly pick-up-able new jackets by Jonny Duddle, with huge child appeal, to bring Harry Potter to the next generation of readers. It&#39;s time to PASS THE MAGIC ON...</p>\r\n', '2019-08-21 16:52:04', 1, 22, 0, 184000, 0),
(27, 'Harry Potter: Fantastic Beasts And Where To Find Them (Hardback) - Illustrated Edition', '<table cellspacing=\"0\">\r\n	<tbody>\r\n		<tr>\r\n			<td>C&ocirc;ng ty ph&aacute;t h&agrave;nh</td>\r\n			<td><a href=\"http://tiki.vn/cty-sach/bloomsbury.html\">Bloomsbury</a></td>\r\n		</tr>\r\n		<tr>\r\n			<td>Nh&agrave; xuất bản</td>\r\n			<td>Bloomsbury</td>\r\n		</tr>\r\n		<tr>\r\n			<td>T&aacute;c giả</td>\r\n			<td>J. K. Rowling</td>\r\n		</tr>\r\n		<tr>\r\n			<td>Ng&agrave;y xuất bản</td>\r\n			<td>01-2017</td>\r\n		</tr>\r\n		<tr>\r\n			<td>ISBN-13</td>\r\n			<td>9781408885260</td>\r\n		</tr>\r\n		<tr>\r\n			<td>K&iacute;ch thước</td>\r\n			<td>290 x 250 mm</td>\r\n		</tr>\r\n		<tr>\r\n			<td>Nh&agrave; xuất bản</td>\r\n			<td>Bloomsbury Publishing PLC</td>\r\n		</tr>\r\n		<tr>\r\n			<td>Loại b&igrave;a</td>\r\n			<td>Hardcover</td>\r\n		</tr>\r\n		<tr>\r\n			<td>Số trang</td>\r\n			<td>138</td>\r\n		</tr>\r\n		<tr>\r\n			<td>ISBN-10</td>\r\n			<td>9781408885260</td>\r\n		</tr>\r\n		<tr>\r\n			<td>SKU</td>\r\n			<td>5856332467012</td>\r\n		</tr>\r\n	</tbody>\r\n</table>\r\n', 'b26_554814158396015.jpg', 'duynguyen', '<p><strong>Fantastic Beasts And Where To Find Them : Illustrated Edition</strong></p>\r\n\r\n<p>This glorious new edition of Newt Scamander&#39;s Fantastic Beasts and Where to Find Them (considered a classic throughout the wizarding world) features an extraordinary array of magical creatures, from Acromantula to Yeti via ten different breeds of dragon - all beautifully illustrated in full colour by the brilliantly inventive, Greenaway Medal shortlisted Olivia Lomenech Gill.</p>\r\n\r\n<p>Famed Magizoologist Newt Scamander&#39;s years of adventure and exploration have yielded a work of unparalleled importance, admired by scholars, devoured by young witches and wizards, and even made available to Muggles in the early years of this century. With this dazzling illustrated edition, readers can explore the magical fauna of five continents from the comfort of their own armchairs. Fantastic Beasts and Where to Find Them is essential reading at Hogwarts.</p>\r\n\r\n<p>This new edition features the fully updated 2017 text - which includes new profiles of six magnificent beasts that inhabit North America and a new foreword by J.K. Rowling, writing as Newt Scamander.</p>\r\n', '2019-08-21 16:51:49', 1, 22, 0, 616000, 0),
(28, 'Harry Potter: Quidditch Through The Ages (Hardback) - Harry Potter: Quidditch qua các thời đại (Hardback)', '<table cellspacing=\"0\">\r\n	<tbody>\r\n		<tr>\r\n			<td>C&ocirc;ng ty ph&aacute;t h&agrave;nh</td>\r\n			<td><a href=\"http://tiki.vn/cty-sach/bloomsbury.html\">Bloomsbury</a></td>\r\n		</tr>\r\n		<tr>\r\n			<td>Nh&agrave; xuất bản</td>\r\n			<td>Bloomsbury</td>\r\n		</tr>\r\n		<tr>\r\n			<td>T&aacute;c giả</td>\r\n			<td>J. K. Rowling</td>\r\n		</tr>\r\n		<tr>\r\n			<td>Ng&agrave;y xuất bản</td>\r\n			<td>01-2017</td>\r\n		</tr>\r\n		<tr>\r\n			<td>ISBN-13</td>\r\n			<td>9781408880739</td>\r\n		</tr>\r\n		<tr>\r\n			<td>K&iacute;ch thước</td>\r\n			<td>198 x 129 mm</td>\r\n		</tr>\r\n		<tr>\r\n			<td>Loại b&igrave;a</td>\r\n			<td>Hardcover</td>\r\n		</tr>\r\n		<tr>\r\n			<td>Số trang</td>\r\n			<td>144</td>\r\n		</tr>\r\n		<tr>\r\n			<td>ISBN-10</td>\r\n			<td>9781408880739</td>\r\n		</tr>\r\n		<tr>\r\n			<td>SKU</td>\r\n			<td>2301277707240</td>\r\n		</tr>\r\n	</tbody>\r\n</table>\r\n', 'b27_554800035775946.jpg', 'duynguyen', '<p><strong>Harry Potter - Quidditch Through The Ages</strong></p>\r\n\r\n<p>If you have ever asked yourself where the Golden Snitch came from, how the Bludgers came into existence, or why the Wigtown Wanderers have pictures of meat cleavers on their robes, you need quidditch through the ages. This invaluable volume is consulted by young Quidditch fans on an almost daily basis.<br />\r\n<br />\r\nProceeds from the sale of this book will go to Comic Relief, who will use your money to continue improving and changing lives -- work that is even more important and astonishing than the three-and-a-half-second capture of the Golden Snitch by Roderick Plumpton in 1921.</p>\r\n\r\n<p>&nbsp;</p>\r\n', '2019-08-21 16:51:35', 1, 22, 0, 320000, 0),
(29, 'Nhà Giả Kim', '<table cellspacing=\"0\">\r\n	<tbody>\r\n		<tr>\r\n			<td>C&ocirc;ng ty ph&aacute;t h&agrave;nh</td>\r\n			<td><a href=\"http://tiki.vn/cty-sach/nha-nam.html\">Nh&atilde; Nam</a></td>\r\n		</tr>\r\n		<tr>\r\n			<td>T&aacute;c giả</td>\r\n			<td>Paulo Coelho</td>\r\n		</tr>\r\n		<tr>\r\n			<td>Ng&agrave;y xuất bản</td>\r\n			<td>10-2013</td>\r\n		</tr>\r\n		<tr>\r\n			<td>K&iacute;ch thước</td>\r\n			<td>13 x 20.5 cm</td>\r\n		</tr>\r\n		<tr>\r\n			<td>Nh&agrave; xuất bản</td>\r\n			<td>Nh&agrave; Xuất Bản Văn Học</td>\r\n		</tr>\r\n		<tr>\r\n			<td>Dịch Giả</td>\r\n			<td>L&ecirc; Chu Cầu</td>\r\n		</tr>\r\n		<tr>\r\n			<td>Loại b&igrave;a</td>\r\n			<td>B&igrave;a mềm</td>\r\n		</tr>\r\n		<tr>\r\n			<td>Số trang</td>\r\n			<td>228</td>\r\n		</tr>\r\n		<tr>\r\n			<td>SKU</td>\r\n			<td>2518407786529</td>\r\n		</tr>\r\n	</tbody>\r\n</table>\r\n', 'b28_554784141231315.jpg', 'duynguyen', '<p><strong>Nh&agrave; Giả Kim</strong></p>\r\n\r\n<p>Tất cả những trải nghiệm trong chuyến phi&ecirc;u du theo đuổi vận mệnh của m&igrave;nh đ&atilde; gi&uacute;p Santiago thấu hiểu được &yacute; nghĩa s&acirc;u xa nhất của hạnh ph&uacute;c, h&ograve;a hợp với vũ trụ v&agrave; con người.</p>\r\n\r\n<p>Tiểu thuyết&nbsp;<strong>Nh&agrave; giả kim&nbsp;</strong>của&nbsp;<strong>Paulo Coelho&nbsp;</strong>như một c&acirc;u chuyện cổ t&iacute;ch giản dị, nh&acirc;n &aacute;i, gi&agrave;u chất thơ, thấm đẫm những minh triết huyền b&iacute; của phương Đ&ocirc;ng. Trong lần xuất bản đầu ti&ecirc;n tại Brazil v&agrave;o năm 1988, s&aacute;ch chỉ b&aacute;n được 900 bản. Nhưng, với số phận đặc biệt của cuốn s&aacute;ch d&agrave;nh cho to&agrave;n nh&acirc;n loại, vượt ra ngo&agrave;i bi&ecirc;n giới quốc gia,&nbsp;<strong>Nh&agrave; giả kim&nbsp;</strong>đ&atilde; l&agrave;m rung động h&agrave;ng triệu t&acirc;m hồn, trở th&agrave;nh một trong những cuốn s&aacute;ch b&aacute;n chạy nhất mọi thời đại, v&agrave; c&oacute; thể l&agrave;m thay đổi cuộc đời người đọc.</p>\r\n\r\n<p>&ldquo;Nhưng nh&agrave; luyện kim đan kh&ocirc;ng quan t&acirc;m mấy đến những điều ấy. &Ocirc;ng đ&atilde; từng thấy nhiều người đến rồi đi, trong khi ốc đảo v&agrave; sa mạc vẫn l&agrave; ốc đảo v&agrave; sa mạc. &Ocirc;ng đ&atilde; thấy vua ch&uacute;a v&agrave; kẻ ăn xin đi qua biển c&aacute;t n&agrave;y, c&aacute;i biển c&aacute;t thường xuy&ecirc;n thay h&igrave;nh đổi dạng v&igrave; gi&oacute; thổi nhưng vẫn m&atilde;i m&atilde;i l&agrave; biển c&aacute;t m&agrave; &ocirc;ng đ&atilde; biết từ thuở nhỏ. Tuy vậy, tự đ&aacute;y l&ograve;ng m&igrave;nh, &ocirc;ng kh&ocirc;ng thể kh&ocirc;ng cảm thấy vui trước hạnh ph&uacute;c của mỗi người lữ kh&aacute;ch, sau bao ng&agrave;y chỉ c&oacute; c&aacute;t v&agrave;ng với trời xanh nay được thấy ch&agrave; l&agrave; xanh tươi hiện ra trước mắt. &lsquo;C&oacute; thể Thượng đế tạo ra sa mạc chỉ để cho con người biết qu&yacute; trọng c&acirc;y ch&agrave; l&agrave;,&rsquo; &ocirc;ng nghĩ.&rdquo;</p>\r\n\r\n<p>-&nbsp;<strong>Tr&iacute;ch Nh&agrave; giả kim</strong></p>\r\n', '2019-08-21 16:51:19', 1, 6, 0, 52000, 0),
(30, 'Tôi Thấy Hoa Vàng Trên Cỏ Xanh (Nguyễn Nhật Ánh)', '<table cellspacing=\"0\">\r\n	<tbody>\r\n		<tr>\r\n			<td>C&ocirc;ng ty ph&aacute;t h&agrave;nh</td>\r\n			<td><a href=\"http://tiki.vn/cty-sach/tre.html\">NXB Trẻ</a></td>\r\n		</tr>\r\n		<tr>\r\n			<td>T&aacute;c giả</td>\r\n			<td>Nguyễn Nhật &Aacute;nh</td>\r\n		</tr>\r\n		<tr>\r\n			<td>Ng&agrave;y xuất bản</td>\r\n			<td>11-2010</td>\r\n		</tr>\r\n		<tr>\r\n			<td>K&iacute;ch thước</td>\r\n			<td>13 x 20</td>\r\n		</tr>\r\n		<tr>\r\n			<td>Nh&agrave; xuất bản</td>\r\n			<td>Nh&agrave; Xuất Bản Trẻ</td>\r\n		</tr>\r\n		<tr>\r\n			<td>Phi&ecirc;n bản</td>\r\n			<td>1st</td>\r\n		</tr>\r\n		<tr>\r\n			<td>Loại b&igrave;a</td>\r\n			<td>B&igrave;a mềm</td>\r\n		</tr>\r\n		<tr>\r\n			<td>Số trang</td>\r\n			<td>380</td>\r\n		</tr>\r\n		<tr>\r\n			<td>SKU</td>\r\n			<td>2517690808536</td>\r\n		</tr>\r\n	</tbody>\r\n</table>\r\n', 'b29_554752558561481.jpg', 'duynguyen', '<p>Ta bắt gặp trong T&ocirc;i Thấy Hoa V&agrave;ng Tr&ecirc;n Cỏ Xanh một thế giới đấy bất ngờ v&agrave; thi vị non trẻ với những suy ngẫm giản dị th&ocirc;i nhưng gần gũi đến lạ. C&acirc;u chuyện của T&ocirc;i Thấy Hoa V&agrave;ng Tr&ecirc;n Cỏ Xanh c&oacute; ch&uacute;t n&agrave;y ch&uacute;t kia, để ai soi v&agrave;o cũng thấy m&igrave;nh trong đ&oacute;, kiểu như l&aacute; thư t&igrave;nh đầu đời của cu Thiều chẳng hạn... ng&acirc;y ng&ocirc; v&agrave; khờ khạo.</p>\r\n\r\n<p>Nhưng T&ocirc;i Thấy Hoa V&agrave;ng Tr&ecirc;n Cỏ Xanh h&igrave;nh như kh&ocirc;ng c&ograve;n trong trẻo, thuần khiết trọn vẹn của một thế giới tuổi thơ nữa. Cuốn s&aacute;ch nhỏ nhắn vẫn hồn hậu, d&iacute; dỏm, ngọt ng&agrave;o nhưng lại phảng phất nỗi buồn, về một người cha bệnh tật trốn nh&agrave; v&igrave; kh&ocirc;ng muốn l&agrave;m khổ vợ con, về một người cha kh&aacute;c giả l&agrave;m vua bởi đứa con t&acirc;m thầm của &ocirc;ng lu&ocirc;n nghĩ m&igrave;nh l&agrave; c&ocirc;ng ch&uacute;a,... Những b&agrave;i học về lu&acirc;n l&yacute;, về t&igrave;nh người trở đi trở lại trong day dứt v&agrave; tiếc nuối.</p>\r\n\r\n<p>T&ocirc;i Thấy Hoa V&agrave;ng Tr&ecirc;n Cỏ Xanh lắng đọng nhẹ nh&agrave;ng trong t&acirc;m tưởng để rồi ai đ&atilde; lỡ đọc rồi m&agrave; muốn qu&ecirc;n đi th&igrave; thật kh&oacute;.</p>\r\n\r\n<p>&nbsp;</p>\r\n\r\n<p><strong>&ldquo;T&ocirc;i thấy hoa v&agrave;ng tr&ecirc;n cỏ xanh&rdquo;&nbsp;</strong>truyện d&agrave;i mới nhất của nh&agrave; văn vừa nhận giải văn chương ASEAN Nguyễn Nhật &Aacute;nh - đ&atilde; được Nh&agrave; xuất bản Trẻ mua t&aacute;c quyền v&agrave; giới thiệu đến độc giả cả nước.</p>\r\n\r\n<p>Cuốn s&aacute;ch viết về tuổi thơ ngh&egrave;o kh&oacute; ở một l&agrave;ng qu&ecirc;, b&ecirc;n cạnh đề t&agrave;i t&igrave;nh y&ecirc;u quen thuộc, lần đầu ti&ecirc;n Nguyễn Nhật &Aacute;nh đưa v&agrave;o t&aacute;c phẩm của m&igrave;nh những nh&acirc;n vật phản diện v&agrave; đặt ra vấn đề đạo đức như sự v&ocirc; t&acirc;m, c&aacute;i &aacute;c. 81 chương ngắn l&agrave; 81 c&acirc;u chuyện nhỏ của những đứa trẻ xảy ra ở một ng&ocirc;i l&agrave;ng: chuyện về con c&oacute;c Cậu trời, chuyện ma, chuyện c&ocirc;ng ch&uacute;a v&agrave; ho&agrave;ng tử, b&ecirc;n cạnh chuyện đ&oacute;i ăn, ch&aacute;y nh&agrave;, lụt lội,...&nbsp;<strong><em>&ldquo;T&ocirc;i thấy hoa v&agrave;ng tr&ecirc;n cỏ xanh&rdquo;</em></strong>hứa hẹn đem đến những điều th&uacute; vị với cả bạn đọc nhỏ tuổi v&agrave; người lớn bằng giọng văn trong s&aacute;ng, hồn nhi&ecirc;n, giản dị của trẻ con c&ugrave;ng nhiều t&igrave;nh tiết th&uacute; vị, bất ngờ v&agrave; cảm động trong suốt hơn 300 trang s&aacute;ch. Cuốn s&aacute;ch, v&igrave; thế c&oacute; sức &aacute;m ảnh, thu h&uacute;t, hấp dẫn kh&ocirc;ng thể bỏ qua.</p>\r\n', '2019-08-21 16:50:48', 1, 6, 0, 52000, 0),
(31, 'Combo Code Dạo Kí Sự + Bóng Ma Trên Mạng', '<table cellspacing=\"0\">\r\n	<tbody>\r\n		<tr>\r\n			<td>K&iacute;ch thước</td>\r\n			<td>\r\n			<p>22 x 18 x 8</p>\r\n			</td>\r\n		</tr>\r\n		<tr>\r\n			<td>SKU</td>\r\n			<td>5260067936635</td>\r\n		</tr>\r\n	</tbody>\r\n</table>\r\n', 'b30_554739650675207.jpg', 'duynguyen', '<p>1. Code Dạo K&iacute; Sự - Lập Tr&igrave;nh Vi&ecirc;n Đ&acirc;u Phải Chỉ Biết Code<br />\r\n<br />\r\nNếu c&aacute;c bạn c&oacute; đọc c&aacute;c blog về lập tr&igrave;nh ở Việt Nam th&igrave; c&oacute; lẽ c&aacute;i t&ecirc;n T&ocirc;i đi code dạo kh&ocirc;ng c&oacute; g&igrave; qu&aacute; xa lạ đối với c&aacute;c bạn.<br />\r\n<br />\r\nVề t&aacute;c giả của blog T&ocirc;i đi code dạo, anh t&ecirc;n thật l&agrave; Phạm Huy Ho&agrave;ng, một Developer Full Stack, cựu sinh vi&ecirc;n trường FPT University, hiện tại anh đang học Thạc sĩ Computer Science tại Đại học Lancaster ở Anh (học bổng $18000). Trước khi qua Xứ Sở Sương M&ugrave;, anh đ&atilde; từng l&agrave;m việc tại FPT Software v&agrave; ASWIG Solutions. Với mong muốn chia sẻ kinh nghiệm học lập tr&igrave;nh v&agrave; c&aacute;c kỹ năng m&agrave; anh đ&atilde; trải qua trong suốt qu&aacute; tr&igrave;nh học v&agrave; l&agrave;m việc với tư c&aacute;ch l&agrave; người đi trước cũng như l&agrave; một Developer Full Stack, n&ecirc;n anh đ&atilde; quyết định xuất bản s&aacute;ch &ldquo;Code dạo k&yacute; sự &ndash; lập tr&igrave;nh vi&ecirc;n đ&acirc;u phải chỉ biết code&rdquo;.<br />\r\n<br />\r\nHiện tại, tr&ecirc;n thị trường s&aacute;ch Việt Nam với chủ đề về IT n&oacute;i chung v&agrave; lập tr&igrave;nh vi&ecirc;n n&oacute;i ri&ecirc;ng đều rất khan hiếm, chủ yếu l&agrave; dịch lại từ t&aacute;c giả nước ngo&agrave;i. Ch&uacute;ng ta đ&atilde; qu&aacute; mải m&ecirc; v&agrave;o những đầu s&aacute;ch dạng &ldquo;Những c&aacute;ch l&agrave;m gi&agrave;u hay đại loại vậy&rdquo; đ&atilde; khiến ch&uacute;ng ta ảo tưởng phần n&agrave;o về bản th&acirc;n m&agrave; thật sự kỹ năng của bạn kh&ocirc;ng cho ph&eacute;p để l&agrave;m điều đ&oacute;.<br />\r\n<br />\r\nV&igrave; thế ch&uacute;ng ta cần những đầu s&aacute;ch để định hướng nghề nghiệp v&agrave; x&acirc;y dựng kiến thức thật vững chắc, khi đ&oacute; bạn mới c&oacute; thể nghĩ tới những điều tuyệt vời hơn trong tương lai. &ldquo;Code dạo k&yacute; sự &ndash; lập tr&igrave;nh vi&ecirc;n đ&acirc;u phải chỉ biết code&rdquo; sẽ đem lại cho bạn điều đ&oacute;. Một số s&aacute;ch c&ocirc;ng nghệ hiện nay qu&aacute; kh&ocirc; cứng, tập trung nhiều v&agrave;o kĩ thuật n&ecirc;n kh&oacute; tiếp thu. Số s&aacute;ch c&ograve; lại đa phần l&agrave; về thuật to&aacute;n, kh&aacute; cũ, hoặc tập trung v&agrave;o một c&ocirc;ng nghệ, rất mau hết hạn.<br />\r\n<br />\r\nCuốn s&aacute;ch n&agrave;y ho&agrave;n to&agrave;n kh&aacute;c những cuốn s&aacute;ch về IT v&agrave; c&ocirc;ng nghệ tr&ecirc;n thị thường. Vậy n&oacute; c&oacute; điểm n&agrave;o đặc biệt?<br />\r\n<br />\r\nNhững b&agrave;i viết ngắn gọn v&agrave; th&uacute; vị về những kĩ năng mềm v&agrave; cứng m&agrave; một lập tr&igrave;nh vi&ecirc;n phải c&oacute;, được m&igrave;nh r&uacute;t chiết qua bao kinh nghiệm xương m&aacute;u.<br />\r\nGiọng văn h&agrave;i hước d&iacute; dỏm, đọc kh&ocirc;ng hề giống s&aacute;ch kĩ thuật nhưng lại dễ tiếp thu.<br />\r\nS&aacute;ch tập trung v&agrave;o khả năng tự học v&agrave; định hướng người đọc. C&oacute; kĩ năng tự học, c&oacute; định hướng tốt, bạn sẽ dễ d&agrave;ng sống s&oacute;t v&agrave; thăng tiến trong ng&agrave;nh n&agrave;y.<br />\r\n<br />\r\n2. B&oacute;ng Ma Tr&ecirc;n Mạng<br />\r\n<br />\r\nV&agrave;o thời kỳ m&agrave; c&aacute;c th&agrave;nh vi&ecirc;n của Anonymous &ndash; nh&oacute;m hacker đ&igrave;nh đ&aacute;m nhất thế giới ng&agrave;y nay &ndash; c&ograve;n chưa xuất hiện, Kevin Mitnick đ&atilde; trở th&agrave;nh nỗi kinh ho&agrave;ng của kh&ocirc;ng biết bao nhi&ecirc;u điều tra vi&ecirc;n FBI, c&aacute;c cơ quan ch&iacute;nh phủ, c&aacute;c c&ocirc;ng ty cung cấp dịch vụ mạng v&agrave; điện thoại. Với t&agrave;i năng phi thường v&agrave; niềm đam m&ecirc; c&ocirc;ng nghệ kh&oacute; ai s&aacute;nh bằng, chỉ bằng c&aacute;c đ&ograve;n tấn c&ocirc;ng bằng kỹ thuật x&atilde; hội (mạo danh, nghe l&eacute;n, lục th&ugrave;ng r&aacute;c,&hellip;), Mitnick đ&atilde; thuyết phục được c&aacute;c nh&acirc;n vi&ecirc;n tại những c&ocirc;ng ty v&agrave; cơ quan n&agrave;y giao nộp những th&ocirc;ng tin cơ mật v&agrave; vượt qua được nhiều lớp bảo mật để tiếp cận những dữ liệu m&agrave; &iacute;t người được biết. C&oacute; lẽ tr&ecirc;n đời n&agrave;y sẽ chẳng c&oacute; hacker n&agrave;o d&aacute;m cả gan nghe l&eacute;n cả FBI, cơ quan điều tra sừng sỏ nhất thế giới, như Kevin Mitnick.<br />\r\n<br />\r\nCao tr&agrave;o của cuốn s&aacute;ch l&agrave; khi Mitnick bắt đầu chuyến phi&ecirc;u lưu chạy trốn khỏi FBI trong suốt ba năm. &Ocirc;ng đ&atilde; tạo ra c&aacute;c danh t&iacute;nh giả, t&igrave;m việc tại nhiều th&agrave;nh phố m&agrave; vẫn kiểm so&aacute;t được những kẻ đang truy đuổi m&igrave;nh. D&ugrave; phải lẩn trốn li&ecirc;n tục, rời xa gia đ&igrave;nh v&agrave; bạn b&egrave; nhưng Mitnick chưa khi n&agrave;o từ bỏ niềm đam m&ecirc; hacking của m&igrave;nh cho tới tận l&uacute;c bị bắt v&agrave; phải chấp nhận kết cục l&atilde;nh &aacute;n biệt giam, c&aacute;ch ly với mọi loại m&aacute;y t&iacute;nh.<br />\r\n<br />\r\nGiờ đ&acirc;y, khi đ&atilde; ho&agrave;n lương v&agrave; ngẩng cao đầu tr&ecirc;n đường đời, t&aacute;c giả của cuốn s&aacute;ch B&oacute;ng ma tr&ecirc;n mạng lại trải l&ograve;ng với đ&aacute;m &ldquo;hậu sinh&rdquo; về qu&aacute; khứ oai h&ugrave;ng nhưng cũng kh&ocirc;ng k&eacute;m phần ấn tượng của m&igrave;nh, những g&igrave; &ocirc;ng r&uacute;t ra trong thời gian bị xộ kh&aacute;m v&agrave; cũng để đ&iacute;nh ch&iacute;nh những tin đồn sai lệch xoay quanh Huyền thoại về Kevin Mitnick.<br />\r\n<br />\r\nVới c&aacute;ch viết h&agrave;i hước, d&iacute; dỏm, nhưng kh&ocirc;ng k&eacute;m phần l&ocirc;i cuốn, B&oacute;ng ma tr&ecirc;n mạng c&oacute; thể coi l&agrave; một bộ phim h&agrave;nh động ho&agrave;n hảo, một g&oacute;c nh&igrave;n ch&acirc;n thật về cuộc đời của một trong những tội phạm mạng cấp cao đầu ti&ecirc;n tr&ecirc;n to&agrave;n cầu, người được mệnh danh l&agrave; &ldquo;hacker bị truy n&atilde; gắt gao nhất thế giới giới&rdquo;.</p>\r\n', '2019-08-21 16:50:35', 1, 8, 0, 320000, 0);

-- --------------------------------------------------------

--
-- Table structure for table `categories`
--

CREATE TABLE `categories` (
  `cid` int(250) NOT NULL,
  `cname` varchar(250) COLLATE utf8_unicode_ci NOT NULL,
  `create_by` varchar(250) COLLATE utf8_unicode_ci NOT NULL,
  `parent_id` int(250) NOT NULL
) ENGINE=InnoDB DEFAULT CHARSET=utf8 COLLATE=utf8_unicode_ci;

--
-- Dumping data for table `categories`
--

INSERT INTO `categories` (`cid`, `cname`, `create_by`, `parent_id`) VALUES
(2, 'English Books', 'duynguyen', 0),
(3, 'Vietnamese Books', 'duynguyen', 0),
(4, 'Stationery', 'duynguyen', 0),
(5, 'Souvenir', 'duynguyen', 0),
(6, 'Literature', 'duynguyen', 3),
(7, 'Children\'s books', 'duynguyen', 3),
(8, 'IT Books', 'duynguyen', 3),
(9, 'Comic', 'duynguyen', 3),
(12, 'Bookmark', 'duynguyen', 5),
(13, 'Jewelry gifts', 'duynguyen', 5),
(14, 'Gift box', 'duynguyen', 5),
(15, 'Statue', 'duynguyen', 5),
(16, 'Backpack', 'duynguyen', 4),
(17, 'Notebook', 'duynguyen', 4),
(18, 'School education equipment', 'duynguyen', 4),
(19, 'Magazines', 'duynguyen', 2),
(20, 'Education-Teaching ', 'duynguyen', 2),
(21, 'How to Self Help', 'duynguyen', 2),
(22, 'Fiction-Literature', 'duynguyen', 2);

-- --------------------------------------------------------

--
-- Table structure for table `comments`
--

CREATE TABLE `comments` (
  `cmt_id` int(250) NOT NULL,
  `uid` int(250) NOT NULL,
  `parent_id` int(250) NOT NULL,
  `bid` int(250) NOT NULL,
  `content` text COLLATE utf8_unicode_ci NOT NULL,
  `active` int(1) NOT NULL,
  `date_create` timestamp NOT NULL DEFAULT CURRENT_TIMESTAMP ON UPDATE CURRENT_TIMESTAMP
) ENGINE=InnoDB DEFAULT CHARSET=utf8 COLLATE=utf8_unicode_ci;

--
-- Dumping data for table `comments`
--

INSERT INTO `comments` (`cmt_id`, `uid`, `parent_id`, `bid`, `content`, `active`, `date_create`) VALUES
(1, 1, 0, 16, 'OK beautiful!', 1, '2019-08-21 15:36:42'),
(2, 2, 0, 15, 'I like it', 1, '2019-08-21 15:36:53');

-- --------------------------------------------------------

--
-- Table structure for table `roles`
--

CREATE TABLE `roles` (
  `role_id` int(250) NOT NULL,
  `name` varchar(250) COLLATE utf8_unicode_ci NOT NULL
) ENGINE=InnoDB DEFAULT CHARSET=utf8 COLLATE=utf8_unicode_ci;

--
-- Dumping data for table `roles`
--

INSERT INTO `roles` (`role_id`, `name`) VALUES
(1, 'ADMIN'),
(2, 'USER'),
(3, 'MOD');

-- --------------------------------------------------------

--
-- Table structure for table `slides`
--

CREATE TABLE `slides` (
  `id` int(250) NOT NULL,
  `slide` varchar(250) COLLATE utf8_unicode_ci NOT NULL,
  `sort` int(250) NOT NULL
) ENGINE=InnoDB DEFAULT CHARSET=utf8 COLLATE=utf8_unicode_ci;

--
-- Dumping data for table `slides`
--

INSERT INTO `slides` (`id`, `slide`, `sort`) VALUES
(3, 'books_flowers_1_554576922314109.jpg', 500),
(4, 'books_flowers_3_554558489297720.jpg', 450),
(5, 'books_flowers_2_554599547248539.jpg', 480);

-- --------------------------------------------------------

--
-- Table structure for table `users`
--

CREATE TABLE `users` (
  `id` int(250) NOT NULL,
  `username` varchar(250) COLLATE utf8_unicode_ci NOT NULL,
  `fullname` varchar(250) COLLATE utf8_unicode_ci NOT NULL,
  `password` varchar(250) COLLATE utf8_unicode_ci NOT NULL,
  `email` varchar(250) COLLATE utf8_unicode_ci NOT NULL,
  `address` varchar(250) COLLATE utf8_unicode_ci NOT NULL,
  `phone` varchar(10) COLLATE utf8_unicode_ci NOT NULL,
  `date_create` timestamp NOT NULL DEFAULT CURRENT_TIMESTAMP ON UPDATE CURRENT_TIMESTAMP,
  `role_id` int(250) NOT NULL,
  `enable` int(1) NOT NULL
) ENGINE=InnoDB DEFAULT CHARSET=utf8 COLLATE=utf8_unicode_ci;

--
-- Dumping data for table `users`
--

INSERT INTO `users` (`id`, `username`, `fullname`, `password`, `email`, `address`, `phone`, `date_create`, `role_id`, `enable`) VALUES
(1, 'duynguyen', 'Nguyễn Vũ Anh Duy', '$2a$10$3H1WhxtYx7Zy1zBKrk6C6eNrl5AijSX238AYMARKqwvj5IvLaU2e.', 'nguyenvuanhduy1905@gmail.com', 'Quang Nam', '0386055920', '2019-08-21 03:58:01', 1, 1),
(2, 'khanhlinh', 'Nguyễn Vũ Khánh Linh', '$2a$10$TqdnNeXjul/mT6WcwCwvBetupx61G6owsSQlZp0Umz2vta/nwZkCy', 'khanhlinh@gmail.com', '14 Đinh Tiên Hoàng, Bến Nghé, quận 1, Đại Lộc', '0905607904', '2019-08-21 15:35:20', 2, 1);

--
-- Indexes for dumped tables
--

--
-- Indexes for table `bills`
--
ALTER TABLE `bills`
  ADD PRIMARY KEY (`bill_id`);

--
-- Indexes for table `bill_detail`
--
ALTER TABLE `bill_detail`
  ADD PRIMARY KEY (`bd_id`);

--
-- Indexes for table `books`
--
ALTER TABLE `books`
  ADD PRIMARY KEY (`bid`);

--
-- Indexes for table `categories`
--
ALTER TABLE `categories`
  ADD PRIMARY KEY (`cid`);

--
-- Indexes for table `comments`
--
ALTER TABLE `comments`
  ADD PRIMARY KEY (`cmt_id`);

--
-- Indexes for table `roles`
--
ALTER TABLE `roles`
  ADD PRIMARY KEY (`role_id`);

--
-- Indexes for table `slides`
--
ALTER TABLE `slides`
  ADD PRIMARY KEY (`id`);

--
-- Indexes for table `users`
--
ALTER TABLE `users`
  ADD PRIMARY KEY (`id`);

--
-- AUTO_INCREMENT for dumped tables
--

--
-- AUTO_INCREMENT for table `bills`
--
ALTER TABLE `bills`
  MODIFY `bill_id` int(250) NOT NULL AUTO_INCREMENT, AUTO_INCREMENT=3;

--
-- AUTO_INCREMENT for table `bill_detail`
--
ALTER TABLE `bill_detail`
  MODIFY `bd_id` int(250) NOT NULL AUTO_INCREMENT, AUTO_INCREMENT=5;

--
-- AUTO_INCREMENT for table `books`
--
ALTER TABLE `books`
  MODIFY `bid` int(250) NOT NULL AUTO_INCREMENT, AUTO_INCREMENT=32;

--
-- AUTO_INCREMENT for table `categories`
--
ALTER TABLE `categories`
  MODIFY `cid` int(250) NOT NULL AUTO_INCREMENT, AUTO_INCREMENT=23;

--
-- AUTO_INCREMENT for table `comments`
--
ALTER TABLE `comments`
  MODIFY `cmt_id` int(250) NOT NULL AUTO_INCREMENT, AUTO_INCREMENT=3;

--
-- AUTO_INCREMENT for table `roles`
--
ALTER TABLE `roles`
  MODIFY `role_id` int(250) NOT NULL AUTO_INCREMENT, AUTO_INCREMENT=4;

--
-- AUTO_INCREMENT for table `slides`
--
ALTER TABLE `slides`
  MODIFY `id` int(250) NOT NULL AUTO_INCREMENT, AUTO_INCREMENT=6;

--
-- AUTO_INCREMENT for table `users`
--
ALTER TABLE `users`
  MODIFY `id` int(250) NOT NULL AUTO_INCREMENT, AUTO_INCREMENT=3;
COMMIT;

/*!40101 SET CHARACTER_SET_CLIENT=@OLD_CHARACTER_SET_CLIENT */;
/*!40101 SET CHARACTER_SET_RESULTS=@OLD_CHARACTER_SET_RESULTS */;
/*!40101 SET COLLATION_CONNECTION=@OLD_COLLATION_CONNECTION */;
